t,lat,lon,alt_m,heading_deg,speed_mps,gimbal_pitch_deg,gps_fix,sats,hdop,battery_pct
0.0,11.4754374,76.1416555,30.4549505,39.8242726,5.0358739,-90.0,3,16,1.0,97.0
0.2,11.4754464,76.1416599,30.5634465,39.5727965,4.9912715,-90.0,3,15,1.12,97.0
0.4,11.4754501,76.1416679,30.5139983,39.1519253,5.070904,-90.0,3,16,0.96,97.0
0.6,11.4754595,76.1416739,30.3276019,39.6521787,4.9891949,-90.0,3,16,1.04,97.0
0.8,11.4754637,76.1416849,30.3456163,39.630534,5.0974878,-90.0,3,15,1.15,97.0
1.0,11.4754768,76.1416815,30.3152288,39.0482358,4.8393055,-90.0,3,15,1.09,96.9
1.2,11.475478,76.1416875,30.2602838,39.4122547,4.9697239,-90.0,3,15,1.14,96.9
1.4,11.475484,76.1416958,30.5794947,40.0416105,5.0038385,-90.0,3,16,1.09,96.9
1.6,11.4754952,76.1417018,30.8206559,38.9379219,4.9255267,-90.0,3,16,1.06,96.9
1.8,11.4755039,76.1417064,30.7426696,39.4367906,5.0278892,-90.0,3,16,1.04,96.9
2.0,11.4755101,76.1417116,30.4138304,38.7159522,5.0474287,-90.0,3,16,1.01,96.9
2.2,11.4755161,76.1417184,30.7420911,39.7493721,5.1016692,-90.0,3,16,1.05,96.9
2.4,11.4755252,76.1417231,30.4925113,39.3576495,5.0973315,-90.0,3,16,1.02,96.9
2.6,11.4755309,76.1417274,30.6756742,39.7817802,5.1587155,-90.0,3,16,1.05,96.9
2.8,11.4755369,76.141736,30.8030974,39.8193533,4.9261532,-90.0,3,16,1.04,96.8
3.0,11.4755434,76.141742,30.5819473,39.9010688,5.0535973,-90.0,3,15,1.09,96.8
3.2,11.4755539,76.141747,30.8153641,39.2889697,4.895819,-90.0,3,15,1.15,96.8
3.4,11.4755609,76.1417578,30.4661397,39.8731082,5.0341294,-90.0,3,15,1.16,96.8
3.6,11.4755676,76.1417574,30.4945551,38.7280996,4.9807919,-90.0,3,15,1.11,96.8
3.8,11.4755772,76.1417649,30.6666689,39.2291978,5.039734,-90.0,3,15,1.14,96.8
4.0,11.4755809,76.1417657,30.6537453,39.8824761,5.0989738,-90.0,3,15,1.14,96.8
4.2,11.4755936,76.1417724,30.2944949,38.7630944,5.1856427,-90.0,3,15,1.15,96.8
4.4,11.4755886,76.1417814,30.5723243,39.2375878,4.9916172,-90.0,3,16,1.02,96.8
4.6,11.4756012,76.1417887,30.7722177,39.2650421,4.9734098,-90.0,3,16,1.06,96.7
4.8,11.4756102,76.1417932,30.8897325,39.5600509,5.1880045,-90.0,3,16,1.0,96.7
5.0,11.4756181,76.1418012,30.8541773,38.9057354,4.9869267,-90.0,3,16,1.03,96.7
5.2,11.4756281,76.1418045,30.9070603,39.478853,5.0560629,-90.0,3,16,1.0,96.7
5.4,11.4756319,76.1418052,31.1216566,39.5277192,4.9298391,-90.0,3,15,1.11,96.7
5.6,11.4756375,76.1418177,30.6540376,39.5408255,4.9017081,-90.0,3,15,1.1,96.7
5.8,11.4756449,76.1418202,30.6224125,39.1669091,4.9530389,-90.0,3,16,1.06,96.7
6.0,11.4756513,76.141831,30.7872772,39.4410034,5.1085807,-90.0,3,16,1.02,96.7
6.2,11.4756575,76.1418312,30.760098,39.5923824,4.8840115,-90.0,3,16,1.11,96.7
6.4,11.4756652,76.1418356,30.5258728,64.6644663,5.1149147,-90.0,3,16,1.05,96.6
6.6,11.4756638,76.1418457,30.7146721,91.0041722,4.9223365,-90.0,3,17,0.92,96.6
6.8,11.4756657,76.1418534,30.7778643,90.9924044,4.9614971,-90.0,3,18,0.88,96.6
7.0,11.4756675,76.1418684,30.564335,90.9241091,4.9952981,-90.0,3,19,0.77,96.6
7.2,11.4756675,76.141873,30.6395034,91.2902201,5.1506817,-90.0,3,19,0.81,96.6
7.4,11.4756632,76.1418861,30.5468128,90.6184038,5.1427712,-90.0,3,19,0.76,96.6
7.6,11.4756641,76.1418959,30.8064977,90.7115732,5.0646959,-90.0,3,19,0.83,96.6
7.8,11.4756629,76.1419017,30.7541051,90.8378104,4.7678892,-90.0,3,19,0.75,96.6
8.0,11.4756666,76.1419094,30.7714939,90.3329273,4.8653858,-90.0,3,19,0.79,96.6
8.2,11.475665,76.1419261,30.6224664,90.7892887,5.1285365,-90.0,3,19,0.83,96.5
8.4,11.4756671,76.141933,31.0694351,90.8606637,4.8832486,-90.0,3,19,0.75,96.5
8.6,11.475663,76.1419461,30.5997897,90.9372273,4.8032158,-90.0,3,19,0.83,96.5
8.8,11.4756651,76.1419472,30.8809267,90.9449716,4.9394659,-90.0,3,19,0.79,96.5
9.0,11.4756673,76.1419567,30.828755,90.9369773,4.9364151,-90.0,3,19,0.79,96.5
9.2,11.475661,76.1419697,30.6685117,90.7269269,4.9481209,-90.0,3,19,0.79,96.5
9.4,11.4756631,76.1419763,30.5562186,90.8454629,5.1509435,-90.0,3,18,0.88,96.5
9.6,11.4756619,76.1419838,30.6561295,91.0606182,4.9221467,-90.0,3,18,0.86,96.5
9.8,11.4756628,76.141996,30.7152984,90.6018762,4.9982536,-90.0,3,18,0.85,96.5
10.0,11.4756615,76.1420009,31.1429359,90.283759,5.0378502,-90.0,3,18,0.9,96.4
10.2,11.4756659,76.1420106,30.7266008,89.8369831,5.0057999,-90.0,3,19,0.82,96.4
10.4,11.475665,76.1420202,31.0587886,90.3680866,4.9719875,-90.0,3,19,0.78,96.4
10.6,11.4756643,76.1420276,30.8776971,90.8099204,4.9925418,-90.0,3,18,0.85,96.4
10.8,11.4756612,76.1420403,30.6652653,90.7786667,5.1167171,-90.0,3,18,0.88,96.4
11.0,11.4756621,76.1420426,30.9126106,90.9475538,4.958155,-90.0,3,18,0.87,96.4
11.2,11.4756665,76.1420552,30.9279513,91.3416982,4.9913058,-90.0,3,17,0.92,96.4
11.4,11.475666,76.1420642,30.726725,91.1057589,5.0796047,-90.0,3,17,0.92,96.4
11.6,11.4756606,76.1420798,30.7678434,90.6764504,4.9842341,-90.0,3,17,0.97,96.4
11.8,11.4756624,76.1420836,30.5261836,90.3096307,4.7996446,-90.0,3,17,0.96,96.4
12.0,11.4756704,76.1420926,30.7014634,90.7523428,4.9503228,-90.0,3,17,0.99,96.3
12.2,11.4756636,76.1421012,30.64651,90.9314773,4.9210882,-90.0,3,16,1.04,96.3
12.4,11.4756619,76.1421074,30.5624192,91.0316885,5.1275622,-90.0,3,16,1.06,96.3
12.6,11.4756616,76.1421221,30.915503,90.9172525,4.8348209,-90.0,3,16,1.07,96.3
12.8,11.4756605,76.1421325,30.9371846,91.1239031,5.165842,-90.0,3,16,1.08,96.3
13.0,11.4756618,76.1421358,30.5071986,90.6743958,5.0477478,-90.0,3,16,0.99,96.3
13.2,11.4756628,76.142146,30.7002201,91.5022754,5.0901768,-90.0,3,16,1.07,96.3
13.4,11.4756574,76.1421514,30.8499707,91.1767764,5.006608,-90.0,3,16,1.05,96.3
13.6,11.4756605,76.1421623,30.9828289,90.7405748,5.167573,-90.0,3,16,1.08,96.3
13.8,11.4756629,76.1421725,31.0351148,90.7269361,4.9644303,-90.0,3,16,1.08,96.2
14.0,11.4756661,76.1421788,30.6945179,90.7623909,4.9873437,-90.0,3,17,1.01,96.2
14.2,11.4756656,76.1421914,30.7718257,90.9141689,5.1436325,-90.0,3,17,0.91,96.2
14.4,11.4756686,76.1421987,30.7133747,91.0864589,5.0046682,-90.0,3,17,0.98,96.2
14.6,11.4756647,76.1422106,30.7433392,89.7887854,5.1309699,-90.0,3,17,0.97,96.2
14.8,11.4756643,76.1422234,31.056592,90.8359004,5.0244749,-90.0,3,17,0.95,96.2
15.0,11.4756665,76.1422298,30.8709946,91.0083773,4.7476785,-90.0,3,17,0.95,96.2
15.2,11.4756671,76.1422421,30.7131285,91.2493838,5.1706772,-90.0,3,17,0.97,96.2
15.4,11.4756627,76.1422489,30.6729452,90.6380761,4.8525475,-90.0,3,16,1.06,96.2
15.6,11.4756642,76.1422561,30.7281728,91.708792,5.1585725,-90.0,3,16,1.08,96.1
15.8,11.4756652,76.1422614,30.6669118,90.4242074,4.8933402,-90.0,3,16,1.05,96.1
16.0,11.475663,76.1422691,30.6601775,90.7119935,5.0999792,-90.0,3,15,1.09,96.1
16.2,11.475667,76.1422837,30.8862236,91.3670546,5.1093116,-90.0,3,15,1.16,96.1
16.4,11.4756673,76.1422942,30.8303456,90.3442092,5.0032508,-90.0,3,15,1.09,96.1
16.6,11.4756644,76.142301,30.6331581,90.6467328,5.0298908,-90.0,3,15,1.1,96.1
16.8,11.4756648,76.1423114,30.7438577,91.7523532,4.9756412,-90.0,3,15,1.16,96.1
17.0,11.4756662,76.1423197,30.8913611,90.4163084,5.0083491,-90.0,3,15,1.15,96.1
17.2,11.4756678,76.1423292,30.8541366,90.7392669,5.1407266,-90.0,3,14,1.24,96.1
17.4,11.4756698,76.1423404,30.7108996,91.2527913,5.0016217,-90.0,3,14,1.23,96.0
17.6,11.4756719,76.1423467,30.7119516,90.9934797,4.8657148,-90.0,3,15,1.07,96.0
17.8,11.4756696,76.1423573,30.6165865,90.6617705,4.9358864,-90.0,3,15,1.15,96.0
18.0,11.4756636,76.1423655,30.5442399,90.9420731,5.0963429,-90.0,3,16,1.06,96.0
18.2,11.4756674,76.1423751,30.5341023,90.5184667,4.861315,-90.0,3,17,0.95,96.0
18.4,11.4756617,76.1423837,30.5549419,90.4236084,4.8617222,-90.0,3,17,0.94,96.0
18.6,11.4756631,76.1423954,30.6525885,90.6206884,4.8829161,-90.0,3,16,1.06,96.0
18.8,11.475664,76.1424039,30.553618,90.0075013,5.1749993,-90.0,3,16,0.98,96.0
19.0,11.4756635,76.1424129,30.6912073,91.7937455,5.0932463,-90.0,3,16,1.04,96.0
19.2,11.4756671,76.14242,30.4735528,91.1529481,4.9476836,-90.0,3,16,1.0,95.9
19.4,11.4756647,76.1424338,30.5827119,90.2520331,4.8438857,-90.0,3,16,1.03,95.9
19.6,11.4756682,76.1424358,30.8789102,90.9231327,5.0522715,-90.0,3,16,1.08,95.9
19.8,11.475663,76.1424425,30.5844472,91.3537513,4.9640388,-90.0,3,16,1.04,95.9
20.0,11.4756644,76.1424558,30.5665231,90.5248123,4.890998,-90.0,3,16,1.04,95.9
20.2,11.4756617,76.142465,30.4882205,91.4832148,4.9803811,-90.0,3,16,1.02,95.9
20.4,11.4756625,76.142477,30.6321957,91.0067586,4.9083586,-90.0,3,15,1.12,95.9
20.6,11.4756637,76.1424853,30.5100935,90.907141,5.0275654,-90.0,3,15,1.12,95.9
20.8,11.4756616,76.1424927,30.3804244,90.8693665,5.1100165,-90.0,3,15,1.1,95.9
21.0,11.475662,76.1425067,30.7530919,91.0840616,4.9924769,-90.0,3,15,1.12,95.8
21.2,11.4756617,76.1425152,30.5273899,90.6216712,5.0037749,-90.0,3,15,1.14,95.8
21.4,11.475658,76.1425191,30.6352073,90.4536025,5.0056726,-90.0,3,14,1.2,95.8
21.6,11.4756648,76.1425316,30.5618493,90.4797686,4.8636785,-90.0,3,13,1.26,95.8
21.8,11.4756603,76.142539,30.7752919,90.5346425,5.1957978,-90.0,3,13,1.31,95.8
22.0,11.4756619,76.1425466,30.4045824,90.5253123,4.8986212,-90.0,3,13,1.3,95.8
22.2,11.4756606,76.1425532,30.3603812,89.8980996,5.0192552,-90.0,3,14,1.18,95.8
22.4,11.4756586,76.1425657,30.2297525,90.9968007,4.9917864,-90.0,3,13,1.28,95.8
22.6,11.4756622,76.1425769,30.266833,90.7866231,5.0250781,-90.0,3,13,1.28,95.8
22.8,11.4756591,76.1425849,30.3085635,90.9812763,4.8716096,-90.0,3,13,1.26,95.7
23.0,11.4756607,76.142596,30.4214403,89.9167703,4.8823884,-90.0,3,13,1.34,95.7
23.2,11.475658,76.1426054,30.2613347,90.6234595,4.841548,-90.0,3,13,1.3,95.7
23.4,11.4756605,76.1426155,30.5306185,90.7544485,4.9488569,-90.0,3,13,1.26,95.7
23.6,11.4756632,76.142624,30.2842567,90.4065592,4.9224139,-90.0,3,14,1.17,95.7
23.8,11.4756625,76.1426331,30.3633403,91.0075885,4.9738759,-90.0,3,14,1.17,95.7
24.0,11.4756604,76.1426387,30.6067066,90.9737016,4.9965137,-90.0,3,14,1.19,95.7
24.2,11.4756585,76.1426497,30.3617788,91.0002119,5.0772816,-90.0,3,14,1.18,95.7
24.4,11.4756537,76.1426599,30.389943,91.8328335,5.0034881,-90.0,3,14,1.21,95.7
24.6,11.4756601,76.1426654,30.5447203,91.2629705,4.9227535,-90.0,3,15,1.09,95.6
24.8,11.4756631,76.1426731,30.3248219,91.2892081,5.0996092,-90.0,3,15,1.11,95.6
25.0,11.4756593,76.1426864,30.4182073,90.4637664,4.9796827,-90.0,3,15,1.14,95.6
25.2,11.4756593,76.1426932,30.072733,91.2242266,5.0462144,-90.0,3,16,1.0,95.6
25.4,11.4756583,76.1427033,30.6523069,91.2541773,4.9185238,-90.0,3,16,1.0,95.6
25.6,11.4756598,76.1427156,30.4241192,91.2962591,5.0895278,-90.0,3,16,1.05,95.6
25.8,11.4756602,76.1427222,30.0012951,91.4160106,5.0228264,-90.0,3,16,0.97,95.6
26.0,11.4756585,76.1427342,30.3311066,91.4221432,5.0525154,-90.0,3,16,1.04,95.6
26.2,11.4756583,76.1427427,30.228418,91.1595063,4.9237265,-90.0,3,15,1.14,95.6
26.4,11.4756608,76.1427514,30.2020307,91.5252203,5.0393582,-90.0,3,16,1.07,95.5
26.6,11.4756623,76.1427624,30.2442675,91.3035606,5.0341731,-90.0,3,16,1.05,95.5
26.8,11.4756581,76.142767,30.0386027,90.838724,5.0089776,-90.0,3,17,0.94,95.5
27.0,11.4756598,76.1427791,30.3594409,90.8183774,5.0933397,-90.0,3,16,1.04,95.5
27.2,11.4756649,76.1427884,30.3774215,90.7997081,5.129183,-90.0,3,15,1.15,95.5
27.4,11.4756615,76.1427963,30.3465861,91.5304576,5.018779,-90.0,3,15,1.12,95.5
27.6,11.4756599,76.1428046,30.4530113,90.7231577,5.088383,-90.0,3,15,1.14,95.5
27.8,11.4756558,76.142814,30.485592,90.4010337,4.9968591,-90.0,3,14,1.21,95.5
28.0,11.4756589,76.1428245,30.1151864,90.2680478,5.0287041,-90.0,3,13,1.27,95.5
28.2,11.4756604,76.1428331,30.2216129,90.8850513,4.9547931,-90.0,3,14,1.22,95.4
28.4,11.4756611,76.142841,30.3954352,90.4048818,4.9960693,-90.0,3,14,1.25,95.4
28.6,11.4756588,76.1428473,30.2112887,91.3684576,5.0629222,-90.0,3,14,1.19,95.4
28.8,11.4756614,76.1428592,30.2848668,90.4846696,4.9154855,-90.0,3,14,1.23,95.4
29.0,11.4756617,76.1428672,30.3188855,90.4591793,4.9377637,-90.0,3,14,1.23,95.4
29.2,11.4756604,76.142879,30.2849386,91.3107775,5.1792315,-90.0,3,15,1.1,95.4
29.4,11.4756595,76.1428834,30.4689551,90.8239889,4.9748187,-90.0,3,15,1.12,95.4
29.6,11.4756607,76.1428991,30.1338437,90.5306226,5.0868537,-90.0,3,16,1.0,95.4
29.8,11.4756595,76.1429044,30.2625613,91.1774086,5.0809363,-90.0,3,16,1.07,95.4
30.0,11.4756583,76.1429141,30.0756925,90.7140855,5.1047387,-90.0,3,16,1.01,95.4
30.2,11.4756613,76.1429269,30.2090666,90.0010807,4.8046137,-90.0,3,16,1.0,95.3
30.4,11.4756635,76.1429262,29.9131652,90.889385,5.0550226,-90.0,3,15,1.06,95.3
30.6,11.4756572,76.1429407,29.9901764,90.4556785,4.9349092,-90.0,3,15,1.1,95.3
30.8,11.475656,76.1429491,30.3740133,91.2274886,4.9335631,-90.0,3,15,1.12,95.3
31.0,11.4756551,76.142955,30.4175788,90.7229481,4.9905999,-90.0,3,15,1.08,95.3
31.2,11.4756594,76.1429638,30.1027647,90.4372937,4.9894577,-90.0,3,15,1.1,95.3
31.4,11.4756619,76.1429756,30.1096269,90.5300935,4.8868813,-90.0,3,16,1.05,95.3
31.6,11.4756626,76.1429846,30.4651533,90.2398104,5.0143278,-90.0,3,16,1.04,95.3
31.8,11.4756612,76.1429957,30.4223735,90.4978242,5.0912349,-90.0,3,16,1.07,95.3
32.0,11.4756553,76.1430043,30.2530146,90.374649,4.8988096,-90.0,3,17,1.0,95.2
32.2,11.47566,76.1430146,30.4283413,90.6176352,4.796848,-90.0,3,17,1.01,95.2
32.4,11.4756597,76.1430243,30.2493479,91.1111657,5.0498627,-90.0,3,17,0.94,95.2
32.6,11.4756617,76.1430342,30.1768495,90.0759897,5.2010496,-90.0,3,18,0.9,95.2
32.8,11.4756566,76.1430438,30.1992755,90.6891346,5.0656841,-90.0,3,19,0.77,95.2
33.0,11.4756621,76.1430517,30.4074009,90.9240426,4.9288864,-90.0,3,19,0.81,95.2
33.2,11.4756579,76.1430594,30.5172741,90.6388041,5.0449362,-90.0,3,19,0.78,95.2
33.4,11.4756602,76.143072,30.261223,90.692224,5.1563916,-90.0,3,19,0.8,95.2
33.6,11.4756598,76.1430786,30.0508229,91.1316101,4.9953911,-90.0,3,19,0.82,95.2
33.8,11.4756597,76.1430899,30.0328125,90.8068628,4.8666866,-90.0,3,19,0.77,95.1
34.0,11.4756571,76.1430951,30.1167927,91.3632305,5.0322924,-90.0,3,19,0.86,95.1
34.2,11.4756624,76.143104,30.1511752,91.0600316,5.0042393,-90.0,3,18,0.87,95.1
34.4,11.4756573,76.1431146,30.223132,90.6765708,5.096758,-90.0,3,18,0.89,95.1
34.6,11.4756596,76.1431295,30.236314,90.0233166,5.2082457,-90.0,3,18,0.86,95.1
34.8,11.4756616,76.1431363,30.0599498,90.8917667,5.0853283,-90.0,3,18,0.91,95.1
35.0,11.4756576,76.1431425,30.062592,91.2587394,5.1268863,-90.0,3,18,0.88,95.1
35.2,11.4756595,76.1431496,30.2234891,91.4929548,5.026189,-90.0,3,18,0.87,95.1
35.4,11.475659,76.1431597,30.3910936,90.6008047,4.9885316,-90.0,3,18,0.86,95.1
35.6,11.4756583,76.1431664,30.4303439,89.9120924,5.1566119,-90.0,3,18,0.91,95.0
35.8,11.4756532,76.1431803,30.0520887,90.4765585,5.0248353,-90.0,3,18,0.88,95.0
36.0,11.4756525,76.1431928,29.8675619,90.9603632,4.9889615,-90.0,3,19,0.77,95.0
36.2,11.475662,76.1431937,30.2895512,91.1350087,4.9648505,-90.0,3,19,0.86,95.0
36.4,11.475655,76.1432063,30.5222038,91.209802,4.8641198,-90.0,3,19,0.8,95.0
36.6,11.4756551,76.1432173,30.2213321,90.9077791,5.1551,-90.0,3,19,0.82,95.0
36.8,11.4756595,76.1432209,30.2150335,90.6164178,4.8931355,-90.0,3,19,0.81,95.0
37.0,11.4756601,76.1432326,30.1404528,90.7743984,5.0881733,-90.0,3,19,0.76,95.0
37.2,11.4756539,76.1432457,30.4805283,90.4888402,4.8595525,-90.0,3,19,0.84,95.0
37.4,11.4756563,76.1432549,30.0284062,91.0167211,4.7657343,-90.0,3,19,0.79,94.9
37.6,11.4756503,76.1432618,30.174949,90.8553043,5.0417968,-90.0,3,19,0.79,94.9
37.8,11.4756504,76.1432714,30.1819672,90.9074985,4.9964586,-90.0,3,19,0.76,94.9
38.0,11.4756519,76.1432823,30.2357288,91.0079446,4.9238204,-90.0,3,19,0.84,94.9
38.2,11.4756528,76.1432889,30.3285493,90.7706375,5.0636776,-90.0,3,19,0.76,94.9
38.4,11.4756577,76.1432987,30.3784237,90.9057614,4.9779276,-90.0,3,19,0.79,94.9
38.6,11.4756558,76.1433058,30.047779,90.6033996,4.9485876,-90.0,3,19,0.8,94.9
38.8,11.4756544,76.1433145,30.389091,90.5994992,5.0824051,-90.0,3,19,0.79,94.9
39.0,11.4756591,76.1433257,30.5029493,91.2589106,4.9787194,-90.0,3,19,0.79,94.9
39.2,11.4756546,76.143337,30.2777497,91.4475932,4.8964692,-90.0,3,19,0.86,94.8
39.4,11.4756543,76.1433432,30.425792,90.9405871,5.127973,-90.0,3,19,0.77,94.8
39.6,11.4756525,76.1433511,30.3536925,90.972767,5.0888108,-90.0,3,19,0.8,94.8
39.8,11.4756509,76.1433684,30.2448033,91.5421389,4.9667903,-90.0,3,18,0.91,94.8
40.0,11.475657,76.1433745,30.1083345,90.0784781,4.9903163,-90.0,3,19,0.82,94.8
40.2,11.4756512,76.1433818,30.6149904,90.8299184,4.8643076,-90.0,3,19,0.77,94.8
40.4,11.4756548,76.1433899,30.3468861,90.1459173,4.8995875,-90.0,3,19,0.79,94.8
40.6,11.4756545,76.1434028,30.3542055,90.407694,4.9433236,-90.0,3,19,0.78,94.8
40.8,11.4756538,76.1434074,30.2285099,90.9905742,5.0246229,-90.0,3,19,0.79,94.8
41.0,11.4756559,76.1434237,30.3448164,90.4237412,4.993193,-90.0,3,19,0.78,94.7
41.2,11.4756523,76.1434291,30.4083002,90.4637879,4.9996505,-90.0,3,19,0.82,94.7
41.4,11.4756516,76.143441,30.2106097,90.8261937,5.1236009,-90.0,3,19,0.81,94.7
41.6,11.4756571,76.1434477,30.6547002,90.6092858,4.9713052,-90.0,3,19,0.79,94.7
41.8,11.4756529,76.143456,30.3536556,90.4548857,5.051881,-90.0,3,19,0.83,94.7
42.0,11.4756537,76.1434652,30.3266988,90.1710277,5.0154885,-90.0,3,19,0.86,94.7
42.2,11.4756558,76.1434772,30.3939522,90.1189604,5.0077168,-90.0,3,19,0.83,94.7
42.4,11.4756511,76.1434847,30.7065217,91.0958473,4.8874612,-90.0,3,18,0.92,94.7
42.6,11.4756533,76.1434938,30.5691515,91.4013547,5.0302685,-90.0,3,18,0.88,94.7
42.8,11.4756512,76.1435043,30.5163493,90.5765412,4.8014573,-90.0,3,18,0.85,94.6
43.0,11.4756562,76.1435066,30.1639065,90.780555,4.9622499,-90.0,3,17,0.93,94.6
43.2,11.4756513,76.1435195,30.321447,91.0333517,5.1247238,-90.0,3,17,0.95,94.6
43.4,11.4756529,76.1435313,30.9204068,91.0141623,5.0468383,-90.0,3,17,0.89,94.6
43.6,11.4756505,76.143541,30.6592411,90.6062592,4.8986294,-90.0,3,16,1.06,94.6
43.8,11.475649,76.143553,30.6242903,90.9184504,4.8621168,-90.0,3,16,0.99,94.6
44.0,11.475652,76.1435592,30.4845519,90.4782542,5.0528659,-90.0,3,16,1.02,94.6
44.2,11.475652,76.1435668,30.4546771,90.7747792,5.1231589,-90.0,3,16,1.04,94.6
44.4,11.4756505,76.143577,30.6439788,91.3790692,5.0018936,-90.0,3,16,0.99,94.6
44.6,11.4756521,76.1435867,30.5204378,90.7624604,5.1526765,-90.0,3,16,1.02,94.5
44.8,11.4756473,76.1435907,30.463122,90.706186,4.9858617,-90.0,3,17,0.94,94.5
45.0,11.4756517,76.1436055,30.5100153,90.8623856,5.0887975,-90.0,3,17,0.99,94.5
45.2,11.4756475,76.1436111,30.7684873,90.4696229,4.9538734,-90.0,3,18,0.86,94.5
45.4,11.4756504,76.143619,30.5321313,91.1804229,4.9454176,-90.0,3,18,0.89,94.5
45.6,11.4756474,76.1436297,30.4203503,91.9193623,4.9109691,-90.0,3,18,0.84,94.5
45.8,11.4756526,76.143637,30.6329807,90.556358,5.0883321,-90.0,3,18,0.86,94.5
46.0,11.4756516,76.1436487,30.7055356,90.1776127,5.0365358,-90.0,3,18,0.87,94.5
46.2,11.4756474,76.1436595,30.6304326,90.6842794,5.0900762,-90.0,3,18,0.87,94.5
46.4,11.4756493,76.1436681,30.5767004,90.1033253,4.982243,-90.0,3,18,0.92,94.4
46.6,11.4756506,76.1436767,30.6384366,90.4920324,4.9671125,-90.0,3,18,0.89,94.4
46.8,11.4756526,76.1436821,30.8453517,90.7553476,4.8805296,-90.0,3,18,0.87,94.4
47.0,11.4756522,76.1436927,30.6121532,91.0185418,5.0958217,-90.0,3,18,0.9,94.4
47.2,11.4756518,76.1437022,30.5003511,91.0959218,5.007151,-90.0,3,18,0.83,94.4
47.4,11.4756502,76.1437117,30.6215765,90.6285891,4.9396486,-90.0,3,18,0.9,94.4
47.6,11.4756512,76.1437283,30.4324989,90.8790723,4.9974151,-90.0,3,18,0.88,94.4
47.8,11.4756504,76.1437348,30.5270548,90.5532295,4.903573,-90.0,3,18,0.84,94.4
48.0,11.4756476,76.1437415,30.6254411,90.4930524,5.0781043,-90.0,3,19,0.76,94.4
48.2,11.4756455,76.1437481,30.625653,91.2721026,4.928806,-90.0,3,19,0.83,94.3
48.4,11.4756468,76.1437613,30.4922003,89.1160602,4.8507843,-90.0,3,18,0.83,94.3
48.6,11.4756489,76.1437688,30.5886151,86.3528994,5.1213954,-90.0,3,18,0.88,94.3
48.8,11.4756502,76.1437758,30.6912101,83.470417,4.8702386,-90.0,3,19,0.84,94.3
49.0,11.4756487,76.1437853,30.5600164,79.5328604,4.9641602,-90.0,3,19,0.8,94.3
49.2,11.475653,76.1437951,30.6120112,74.9914865,5.0345775,-90.0,3,19,0.87,94.3
49.4,11.4756586,76.1438083,30.7461601,71.7423174,5.0078722,-90.0,3,19,0.77,94.3
49.6,11.4756549,76.1438125,30.7538187,68.496695,5.1207338,-90.0,3,19,0.84,94.3
49.8,11.4756606,76.1438199,30.4574127,64.4319965,4.8511652,-90.0,3,19,0.8,94.3
50.0,11.475666,76.1438285,30.9524676,60.2746104,5.1243955,-90.0,3,19,0.8,94.2
50.2,11.475672,76.1438328,30.6459453,56.3560045,4.8395843,-90.0,3,19,0.78,94.2
50.4,11.4756758,76.1438445,30.714918,52.9193487,4.7809546,-90.0,3,19,0.79,94.2
50.6,11.4756808,76.1438455,30.7219006,48.7645542,5.0611625,-90.0,3,19,0.81,94.2
50.8,11.475688,76.1438547,30.4820353,45.2317025,5.0559142,-90.0,3,19,0.82,94.2
51.0,11.4756951,76.1438667,30.724647,40.8554741,4.8777292,-90.0,3,18,0.88,94.2
51.2,11.4756956,76.1438667,30.6311357,37.1701076,5.0331569,-90.0,3,18,0.89,94.2
51.4,11.4757114,76.1438743,30.7863666,34.0053654,4.9567734,-90.0,3,18,0.86,94.2
51.6,11.4757169,76.1438781,30.6546499,29.1240203,5.0040288,-90.0,3,18,0.9,94.2
51.8,11.4757214,76.1438799,30.7977164,25.6610075,5.030956,-90.0,3,17,1.0,94.2
52.0,11.4757365,76.1438882,30.7450136,22.4873238,4.8839687,-90.0,3,17,0.97,94.1
52.2,11.4757433,76.1438931,30.548318,18.2655875,5.24817,-90.0,3,17,0.97,94.1
52.4,11.4757477,76.1438919,30.7696939,14.8089663,4.7009926,-90.0,3,16,1.06,94.1
52.6,11.4757642,76.1438928,30.7943675,10.3278394,5.1165114,-90.0,3,16,1.05,94.1
52.8,11.4757699,76.1438988,30.8471171,6.5441418,5.0489152,-90.0,3,16,1.05,94.1
53.0,11.4757817,76.1438942,30.8569647,3.210182,5.2392251,-90.0,3,16,1.04,94.1
53.2,11.4757846,76.1439004,30.9691737,358.7603321,5.0301615,-90.0,3,16,1.01,94.1
53.4,11.4757992,76.143894,30.6563899,355.5528683,5.1355033,-90.0,3,17,0.94,94.1
53.6,11.4758075,76.1438973,30.5681649,351.3700353,5.0198018,-90.0,3,17,0.97,94.1
53.8,11.4758171,76.1438943,30.5738806,347.6300423,4.9799206,-90.0,3,16,1.03,94.0
54.0,11.4758222,76.1438908,30.7407099,343.0415863,5.0160783,-90.0,3,16,1.06,94.0
54.2,11.4758346,76.143888,30.8035692,340.0620733,5.0514284,-90.0,3,16,1.0,94.0
54.4,11.4758421,76.1438827,30.8762244,335.9521383,4.9771389,-90.0,3,16,1.1,94.0
54.6,11.475846,76.1438808,30.9382178,332.4127573,4.9884591,-90.0,3,15,1.17,94.0
54.8,11.4758584,76.1438733,31.0101336,328.7026689,4.9834618,-90.0,3,15,1.11,94.0
55.0,11.4758652,76.1438675,30.9525236,325.311368,4.9446094,-90.0,3,16,1.0,94.0
55.2,11.4758772,76.1438623,30.6802492,321.0882861,5.1283139,-90.0,3,17,0.93,94.0
55.4,11.4758777,76.143856,30.8631891,317.0849714,5.016973,-90.0,3,17,0.95,94.0
55.6,11.4758875,76.1438496,30.6967284,313.3647245,4.9865438,-90.0,3,18,0.91,93.9
55.8,11.4758941,76.1438429,31.0187327,309.1316276,5.0588453,-90.0,3,19,0.81,93.9
56.0,11.4759005,76.1438344,30.9486717,305.4989129,4.8969086,-90.0,3,19,0.81,93.9
56.2,11.475899,76.1438304,30.9080566,301.9490549,5.0314183,-90.0,3,18,0.92,93.9
56.4,11.4759044,76.1438196,30.7851758,298.2072251,4.9538911,-90.0,3,18,0.81,93.9
56.6,11.4759123,76.1438107,30.6987136,294.2120616,4.987641,-90.0,3,18,0.87,93.9
56.8,11.4759124,76.1438076,30.8208759,290.0616649,4.807656,-90.0,3,18,0.89,93.9
57.0,11.4759157,76.143794,30.6845951,286.1107423,5.3923796,-90.0,3,18,0.88,93.9
57.2,11.4759173,76.1437859,30.5927115,283.059778,5.0362765,-90.0,3,17,0.94,93.9
57.4,11.4759219,76.1437793,30.6282753,278.602356,4.9549441,-90.0,3,17,0.96,93.8
57.6,11.4759184,76.1437733,30.633746,275.1882145,5.150669,-90.0,3,16,1.06,93.8
57.8,11.4759237,76.1437656,30.9802894,272.2763177,4.9844524,-90.0,3,17,0.98,93.8
58.0,11.4759217,76.1437515,30.6369054,271.4084065,5.1236011,-90.0,3,18,0.82,93.8
58.2,11.4759232,76.1437435,30.8171947,270.2510194,5.001732,-90.0,3,18,0.89,93.8
58.4,11.4759225,76.1437341,30.7577437,270.7188658,4.9841144,-90.0,3,18,0.86,93.8
58.6,11.4759212,76.1437274,30.9192124,270.8337997,5.0419991,-90.0,3,19,0.73,93.8
58.8,11.4759224,76.1437134,30.6867497,270.4852623,4.8957264,-90.0,3,19,0.83,93.8
59.0,11.4759256,76.1437095,30.7297382,271.0333262,4.9236586,-90.0,3,19,0.85,93.8
59.2,11.4759207,76.1436996,30.7004513,271.241814,4.8303006,-90.0,3,19,0.84,93.7
59.4,11.4759261,76.1436883,30.4966732,270.8071284,5.2000689,-90.0,3,19,0.84,93.7
59.6,11.4759239,76.1436772,30.5896066,270.3354244,5.1310974,-90.0,3,19,0.74,93.7
59.8,11.4759238,76.1436719,30.8896687,271.0805973,5.089656,-90.0,3,19,0.78,93.7
60.0,11.4759193,76.1436625,30.8816112,270.3504356,5.0409866,-90.0,3,19,0.81,93.7
60.2,11.4759207,76.1436524,30.5600131,271.13793,4.9681008,-90.0,3,19,0.79,93.7
60.4,11.4759198,76.1436478,30.6092124,270.8453263,5.0237436,-90.0,3,19,0.76,93.7
60.6,11.4759213,76.1436367,30.5672488,271.0137343,4.9164144,-90.0,3,19,0.81,93.7
60.8,11.4759197,76.1436273,30.762107,270.6840149,4.8374028,-90.0,3,19,0.81,93.7
61.0,11.475924,76.1436164,30.7998941,270.6140346,4.9696718,-90.0,3,18,0.83,93.6
61.2,11.4759214,76.1436054,30.9257148,271.5708996,4.8616755,-90.0,3,18,0.88,93.6
61.4,11.4759227,76.1436015,30.7869297,270.4871481,5.1104652,-90.0,3,19,0.76,93.6
61.6,11.475923,76.1435892,30.8196593,271.4534364,5.1008257,-90.0,3,19,0.8,93.6
61.8,11.4759241,76.1435816,30.6798295,269.7180901,5.0183533,-90.0,3,19,0.76,93.6
62.0,11.4759222,76.1435722,30.6738235,270.908398,5.0316528,-90.0,3,19,0.86,93.6
62.2,11.4759223,76.1435633,30.8345986,271.3290004,5.1583843,-90.0,3,19,0.81,93.6
62.4,11.4759161,76.1435541,30.6054574,271.237324,4.9654866,-90.0,3,19,0.83,93.6
62.6,11.4759192,76.1435483,30.7689096,270.567322,4.9731868,-90.0,3,18,0.96,93.6
62.8,11.4759213,76.1435359,30.5992825,271.35833,4.9872804,-90.0,3,17,0.92,93.5
63.0,11.4759195,76.143525,30.4286195,270.7454137,4.8831432,-90.0,3,17,0.95,93.5
63.2,11.4759208,76.14352,30.9180467,270.8878381,5.0914055,-90.0,3,16,1.03,93.5
63.4,11.4759209,76.143512,30.6450938,271.0676139,4.8934892,-90.0,3,16,1.0,93.5
63.6,11.4759235,76.1434967,30.5017399,270.6803691,4.8281214,-90.0,3,16,1.04,93.5
63.8,11.4759247,76.1434913,30.6778877,270.864803,5.0351466,-90.0,3,16,1.09,93.5
64.0,11.4759244,76.1434798,30.576969,270.783538,5.1201641,-90.0,3,16,1.05,93.5
64.2,11.475922,76.1434753,30.6934991,270.8867625,5.0918025,-90.0,3,16,1.02,93.5
64.4,11.4759245,76.1434615,30.5739968,271.2165402,5.0172916,-90.0,3,16,1.05,93.5
64.6,11.4759237,76.1434545,30.7060847,270.8118508,5.1386492,-90.0,3,16,1.06,93.4
64.8,11.47592,76.1434446,30.5723553,271.0330181,4.8598915,-90.0,3,16,1.05,93.4
65.0,11.4759214,76.1434351,30.4982199,270.5743937,5.1556027,-90.0,3,16,1.06,93.4
65.2,11.4759239,76.1434249,30.4232343,271.0531797,5.0485388,-90.0,3,16,1.0,93.4
65.4,11.4759229,76.1434137,30.5651577,270.4739236,5.0254058,-90.0,3,17,0.97,93.4
65.6,11.47592,76.1434102,30.6303115,270.453707,5.0383415,-90.0,3,17,1.01,93.4
65.8,11.4759168,76.1434009,30.5220951,270.9209262,5.0668762,-90.0,3,17,0.95,93.4
66.0,11.4759231,76.143387,30.5911784,270.5975998,5.0882771,-90.0,3,17,0.94,93.4
66.2,11.4759211,76.1433762,30.7768737,270.8077703,5.1301987,-90.0,3,17,0.94,93.4
66.4,11.4759186,76.1433668,29.95559,270.4547984,5.0374124,-90.0,3,18,0.89,93.3
66.6,11.475921,76.1433585,30.6588501,270.4429844,5.1576965,-90.0,3,17,1.0,93.3
66.8,11.4759237,76.1433505,30.651516,270.8297528,5.0151746,-90.0,3,16,1.06,93.3
67.0,11.4759186,76.1433412,30.4275993,270.9581247,5.114245,-90.0,3,16,1.1,93.3
67.2,11.4759194,76.1433332,30.3824653,270.5417524,5.098383,-90.0,3,16,1.07,93.3
67.4,11.4759203,76.1433216,30.4092024,270.0818994,5.0216226,-90.0,3,16,1.05,93.3
67.6,11.4759199,76.1433091,30.5974731,270.4830248,4.9256222,-90.0,3,16,1.07,93.3
67.8,11.4759214,76.1433051,30.7220594,270.6489556,5.114218,-90.0,3,16,1.04,93.3
68.0,11.4759241,76.1432969,30.4166124,271.0720671,4.8213041,-90.0,3,16,1.05,93.3
68.2,11.4759209,76.1432892,30.3633633,270.1242329,5.0359446,-90.0,3,16,1.06,93.2
68.4,11.4759191,76.1432745,30.4907876,270.994207,5.1043023,-90.0,3,17,0.95,93.2
68.6,11.4759194,76.1432719,30.3497097,270.5910061,5.1402663,-90.0,3,17,0.96,93.2
68.8,11.4759206,76.1432607,30.2685733,271.0750628,5.0920672,-90.0,3,17,0.96,93.2
69.0,11.4759257,76.1432494,30.3574536,270.5633057,4.9910253,-90.0,3,17,0.91,93.2
69.2,11.475927,76.1432413,30.4074604,270.2120868,4.9062719,-90.0,3,16,1.07,93.2
69.4,11.4759241,76.1432321,30.3955449,271.6924938,5.0974177,-90.0,3,16,1.05,93.2
69.6,11.4759279,76.1432175,30.4996484,270.8818516,4.971361,-90.0,3,16,1.12,93.2
69.8,11.4759244,76.1432123,30.2706778,270.7534476,4.9821512,-90.0,3,17,0.95,93.2
70.0,11.475926,76.1432023,30.3245306,270.3523915,4.807094,-90.0,3,17,0.98,93.2
70.2,11.4759219,76.1431972,30.263001,270.9489265,4.9873805,-90.0,3,17,0.96,93.1
70.4,11.4759235,76.1431867,30.3792052,270.4479718,5.1532689,-90.0,3,17,0.95,93.1
70.6,11.475919,76.1431739,30.3522581,271.515096,4.8702865,-90.0,3,17,1.0,93.1
70.8,11.4759253,76.1431624,30.3204738,270.554922,4.9736207,-90.0,3,16,1.02,93.1
71.0,11.4759218,76.1431612,30.2554249,270.7070249,5.1306735,-90.0,3,17,0.96,93.1
71.2,11.4759262,76.1431488,30.2703624,270.5768001,4.8747767,-90.0,3,17,0.95,93.1
71.4,11.4759204,76.1431411,30.1594383,270.1285211,5.0263541,-90.0,3,18,0.88,93.1
71.6,11.4759238,76.143129,30.2108253,270.6633576,4.8620621,-90.0,3,18,0.88,93.1
71.8,11.4759258,76.14312,30.5252638,270.5736402,5.0950536,-90.0,3,17,0.96,93.1
72.0,11.4759216,76.1431164,30.3385581,270.5589682,4.9421132,-90.0,3,17,0.94,93.0
72.2,11.4759226,76.1430991,30.3059495,270.53863,5.1828519,-90.0,3,17,0.94,93.0
72.4,11.4759258,76.1430932,30.2074294,270.5027764,5.1294483,-90.0,3,18,0.89,93.0
72.6,11.4759217,76.1430885,30.3524023,270.6105791,4.9973574,-90.0,3,18,0.88,93.0
72.8,11.475921,76.1430759,30.1789144,270.5583323,4.9180569,-90.0,3,18,0.87,93.0
73.0,11.4759217,76.1430599,30.2791812,270.4792982,4.9666542,-90.0,3,19,0.77,93.0
73.2,11.475919,76.1430529,30.3248481,269.8614025,4.8011953,-90.0,3,19,0.8,93.0
73.4,11.4759241,76.1430467,30.4762123,271.0637164,4.9926274,-90.0,3,19,0.85,93.0
73.6,11.4759241,76.1430386,30.0476866,271.0143605,5.0565893,-90.0,3,19,0.8,93.0
73.8,11.4759251,76.1430335,30.0498094,270.5113406,4.9542569,-90.0,3,19,0.82,92.9
74.0,11.4759205,76.1430171,30.2209356,270.5467933,5.0876228,-90.0,3,18,0.88,92.9
74.2,11.4759226,76.1430079,30.1465354,270.712197,4.7949379,-90.0,3,17,0.99,92.9
74.4,11.4759248,76.1429982,30.4874637,270.9394314,5.0446026,-90.0,3,18,0.89,92.9
74.6,11.4759207,76.1429917,29.9495012,270.6772265,5.1941937,-90.0,3,19,0.84,92.9
74.8,11.4759231,76.1429806,30.122324,271.0594503,4.8789216,-90.0,3,19,0.84,92.9
75.0,11.4759279,76.142975,30.165696,270.8659595,4.9769404,-90.0,3,18,0.9,92.9
75.2,11.4759241,76.1429625,30.1271452,271.697987,4.8892315,-90.0,3,18,0.87,92.9
75.4,11.4759212,76.1429547,30.1385798,271.1251353,4.9494555,-90.0,3,17,0.95,92.9
75.6,11.4759217,76.1429475,30.3280835,271.0226417,5.0886191,-90.0,3,18,0.92,92.8
75.8,11.4759273,76.1429366,30.0634193,270.3525944,5.1734791,-90.0,3,18,0.81,92.8
76.0,11.4759257,76.1429231,30.2657922,270.9472893,5.0162642,-90.0,3,18,0.84,92.8
76.2,11.4759271,76.1429146,29.8787218,270.9540252,5.0376606,-90.0,3,17,1.02,92.8
76.4,11.4759254,76.14291,30.3682261,271.1588987,5.0211037,-90.0,3,18,0.92,92.8
76.6,11.4759285,76.1428998,30.0238657,270.3484646,4.9326225,-90.0,3,19,0.8,92.8
76.8,11.4759316,76.1428912,30.1390519,271.1295021,5.2541465,-90.0,3,19,0.79,92.8
77.0,11.4759283,76.1428771,30.0837052,270.7939063,5.0821765,-90.0,3,19,0.84,92.8
77.2,11.4759282,76.142873,30.1633811,271.0091668,5.0408907,-90.0,3,18,0.93,92.8
77.4,11.4759295,76.1428627,30.3327008,270.4137298,4.8934683,-90.0,3,19,0.84,92.7
77.6,11.4759304,76.1428501,30.1551376,271.2296503,5.0685632,-90.0,3,19,0.83,92.7
77.8,11.4759333,76.1428477,30.1590951,271.5978881,4.9899332,-90.0,3,19,0.84,92.7
78.0,11.4759269,76.1428312,30.1879563,271.5679754,5.0035747,-90.0,3,19,0.8,92.7
78.2,11.4759296,76.1428244,30.1179526,270.4593619,4.9068468,-90.0,3,19,0.78,92.7
78.4,11.4759258,76.1428197,30.291736,270.7247315,4.9870717,-90.0,3,18,0.85,92.7
78.6,11.4759283,76.1428074,30.0090007,270.4301228,5.1312288,-90.0,3,17,0.95,92.7
78.8,11.4759259,76.1428,30.2136642,270.8493273,5.042284,-90.0,3,17,0.94,92.7
79.0,11.4759239,76.1427914,30.0054834,271.5090946,5.0676117,-90.0,3,16,1.04,92.7
79.2,11.4759275,76.1427827,30.1377811,270.8768081,4.9977045,-90.0,3,16,1.04,92.6
79.4,11.4759324,76.1427693,30.0963035,271.0126588,5.1733829,-90.0,3,16,0.99,92.6
79.6,11.4759259,76.1427628,30.3299207,271.0003129,5.0488549,-90.0,3,16,1.05,92.6
79.8,11.4759264,76.1427521,30.3172035,271.3226315,4.8954334,-90.0,3,16,1.05,92.6
80.0,11.4759257,76.1427422,30.1519297,270.4713029,5.0594101,-90.0,3,16,1.0,92.6
80.2,11.4759256,76.1427369,30.2317361,270.9746455,4.8795631,-90.0,3,15,1.12,92.6
80.4,11.4759301,76.1427268,30.2320863,271.4606566,4.8627729,-90.0,3,15,1.13,92.6
80.6,11.4759258,76.1427198,30.101077,271.3736458,5.1198902,-90.0,3,14,1.21,92.6
80.8,11.4759276,76.1427102,30.2643716,271.0218498,4.9711045,-90.0,3,13,1.31,92.6
81.0,11.4759242,76.1426971,30.080507,271.2524067,5.095342,-90.0,3,13,1.25,92.5
81.2,11.4759235,76.1426872,30.1777343,270.9742227,4.9667386,-90.0,3,13,1.33,92.5
81.4,11.475929,76.1426798,30.1703421,271.6634871,4.9023054,-90.0,3,13,1.23,92.5
81.6,11.4759292,76.1426739,30.2626082,271.5392962,5.1053507,-90.0,3,13,1.24,92.5
81.8,11.4759287,76.1426624,30.1305956,271.5711303,5.1194789,-90.0,3,13,1.3,92.5
82.0,11.4759264,76.1426556,30.2966699,270.7284974,5.0462709,-90.0,3,13,1.3,92.5
82.2,11.4759295,76.1426394,30.186272,271.1164315,5.00284,-90.0,3,13,1.26,92.5
82.4,11.4759266,76.142633,30.2970819,270.7797003,4.9740222,-90.0,3,13,1.3,92.5
82.6,11.4759275,76.1426244,30.1746203,270.8730864,5.1032617,-90.0,3,13,1.25,92.5
82.8,11.4759321,76.1426196,30.0362666,271.3130177,5.044898,-90.0,3,13,1.27,92.4
83.0,11.4759289,76.1426131,30.0750198,269.967834,4.8916857,-90.0,3,14,1.19,92.4
83.2,11.4759304,76.1426017,30.4517597,270.1673274,5.155539,-90.0,3,13,1.28,92.4
83.4,11.4759274,76.1425905,30.4864222,271.5381448,5.0432171,-90.0,3,13,1.28,92.4
83.6,11.475927,76.1425776,30.4971109,270.1365704,4.9809455,-90.0,3,13,1.29,92.4
83.8,11.4759271,76.1425685,30.4760166,270.4589916,5.0553495,-90.0,3,13,1.24,92.4
84.0,11.4759271,76.1425586,30.4117764,270.6876318,4.8211144,-90.0,3,13,1.32,92.4
84.2,11.4759312,76.1425438,30.4590768,270.8847748,4.9758496,-90.0,3,13,1.29,92.4
84.4,11.475928,76.1425393,30.4817607,270.9004107,4.8193972,-90.0,3,13,1.25,92.4
84.6,11.4759274,76.1425335,30.3900111,270.5721485,4.9219861,-90.0,3,14,1.17,92.3
84.8,11.4759306,76.1425213,30.4542519,270.5118197,5.0491686,-90.0,3,14,1.27,92.3
85.0,11.4759278,76.1425119,29.9698606,270.6836124,4.9651899,-90.0,3,13,1.3,92.3
85.2,11.4759269,76.1425029,30.4019039,270.9652503,4.9564242,-90.0,3,13,1.24,92.3
85.4,11.4759291,76.1424945,30.3871792,270.9127835,4.8179379,-90.0,3,13,1.26,92.3
85.6,11.4759287,76.1424853,30.2839628,270.3648099,5.0100115,-90.0,3,13,1.34,92.3
85.8,11.4759313,76.1424748,30.1705622,270.5921094,5.0578926,-90.0,3,13,1.27,92.3
86.0,11.4759291,76.1424679,30.2771963,270.4423234,5.0837601,-90.0,3,13,1.26,92.3
86.2,11.475927,76.1424553,30.324845,271.12906,4.8769603,-90.0,3,13,1.27,92.3
86.4,11.4759238,76.1424481,30.5970064,271.6482838,4.9394017,-90.0,3,13,1.32,92.2
86.6,11.4759223,76.1424396,30.240521,270.8100273,4.8809448,-90.0,3,13,1.26,92.2
86.8,11.47593,76.1424253,30.3785375,270.5393112,4.8340165,-90.0,3,13,1.27,92.2
87.0,11.4759271,76.1424211,30.5690692,270.5705045,4.9390914,-90.0,3,14,1.2,92.2
87.2,11.4759265,76.1424074,30.5679155,271.0038444,5.2256291,-90.0,3,15,1.15,92.2
87.4,11.4759227,76.1424014,30.5263512,270.5977576,5.0831488,-90.0,3,15,1.1,92.2
87.6,11.4759276,76.1423956,30.4803695,270.7754893,4.7767529,-90.0,3,15,1.14,92.2
87.8,11.4759256,76.1423826,30.431212,270.6028715,4.8597694,-90.0,3,14,1.24,92.2
88.0,11.4759238,76.1423743,30.6599121,271.2889627,5.0209201,-90.0,3,13,1.28,92.2
88.2,11.4759261,76.1423629,30.5848191,271.2753863,5.1806176,-90.0,3,13,1.31,92.1
88.4,11.4759263,76.1423569,30.6279812,270.3678407,4.9762185,-90.0,3,13,1.28,92.1
88.6,11.4759282,76.142342,30.7673167,270.3274163,4.8908926,-90.0,3,14,1.18,92.1
88.8,11.4759247,76.142335,30.78416,271.1459606,5.0110273,-90.0,3,15,1.14,92.1
89.0,11.4759247,76.1423228,30.6429583,270.5155601,4.8905441,-90.0,3,15,1.14,92.1
89.2,11.4759236,76.142316,30.5819285,271.1793051,4.9778242,-90.0,3,15,1.11,92.1
89.4,11.4759312,76.1423061,30.5505993,270.8297619,5.0151645,-90.0,3,16,1.02,92.1
89.6,11.4759245,76.1422966,30.5310422,270.0606194,4.874737,-90.0,3,16,1.09,92.1
89.8,11.4759242,76.1422887,30.7116108,271.2947086,4.9256073,-90.0,3,16,0.99,92.1
90.0,11.475931,76.1422799,30.4755061,270.6597385,4.8823447,-90.0,3,16,1.07,92.0
90.2,11.4759265,76.1422738,30.7002237,271.1218445,4.8091981,-90.0,3,16,1.03,92.0
90.4,11.4759226,76.1422587,30.5466478,271.679622,5.0051934,-90.0,3,16,1.02,92.0
90.6,11.4759305,76.1422559,30.4506897,270.8232064,4.9801187,-90.0,3,15,1.13,92.0
90.8,11.4759219,76.1422416,30.3979984,271.1260195,4.9755258,-90.0,3,16,1.03,92.0
91.0,11.4759231,76.142233,30.6292604,270.2919246,4.9801131,-90.0,3,17,1.01,92.0
91.2,11.4759222,76.1422224,30.6035881,270.754128,5.044675,-90.0,3,18,0.83,92.0
91.4,11.4759179,76.142215,30.608603,270.7603608,4.854717,-90.0,3,18,0.87,92.0
91.6,11.4759186,76.1422034,30.7402827,270.9630519,5.0418413,-90.0,3,19,0.8,92.0
91.8,11.4759203,76.1421947,30.4975716,270.6626513,4.8351011,-90.0,3,19,0.82,92.0
92.0,11.4759198,76.1421844,30.8143827,271.1288056,4.981165,-90.0,3,19,0.79,91.9
92.2,11.4759187,76.1421783,30.6674782,271.074424,5.0145052,-90.0,3,19,0.78,91.9
92.4,11.4759245,76.1421699,30.7212831,271.0136083,4.8999122,-90.0,3,18,0.9,91.9
92.6,11.4759174,76.1421603,30.8250332,270.9396805,4.937004,-90.0,3,19,0.85,91.9
92.8,11.4759209,76.1421481,30.8828059,270.6208275,4.9418737,-90.0,3,19,0.82,91.9
93.0,11.4759236,76.1421382,30.7976979,270.7128954,4.8790921,-90.0,3,18,0.86,91.9
93.2,11.4759218,76.1421305,30.7344685,270.8073117,4.9894708,-90.0,3,17,0.96,91.9
93.4,11.4759171,76.1421188,30.592012,270.466635,4.9950289,-90.0,3,17,0.95,91.9
93.6,11.4759189,76.1421136,30.7953293,271.1613731,4.9187044,-90.0,3,17,0.96,91.9
93.8,11.4759214,76.142106,30.6256638,270.7027602,5.2112906,-90.0,3,17,0.97,91.8
94.0,11.47592,76.1420925,30.5141831,270.8497083,4.8830423,-90.0,3,17,0.91,91.8
94.2,11.4759208,76.1420856,30.7396753,269.9080094,5.0263501,-90.0,3,17,0.99,91.8
94.4,11.4759241,76.1420778,30.7044365,271.5220767,4.9666982,-90.0,3,17,1.02,91.8
94.6,11.4759163,76.1420699,30.5642588,270.3069284,4.9885281,-90.0,3,18,0.87,91.8
94.8,11.4759168,76.1420627,30.8033921,270.6643094,5.0700362,-90.0,3,19,0.86,91.8
95.0,11.4759165,76.1420556,30.9638751,271.1589683,4.9054031,-90.0,3,19,0.84,91.8
95.2,11.4759213,76.1420393,30.7879954,270.866394,4.8778165,-90.0,3,19,0.79,91.8
95.4,11.4759188,76.142036,30.746673,270.8846969,4.9950794,-90.0,3,19,0.81,91.8
95.6,11.4759178,76.142022,30.9432595,271.1290666,4.9819865,-90.0,3,19,0.82,91.7
95.8,11.4759235,76.1420102,30.7870591,270.8162545,4.879177,-90.0,3,19,0.77,91.7
96.0,11.4759247,76.1420065,30.8742807,271.0867898,4.9168649,-90.0,3,19,0.78,91.7
96.2,11.4759235,76.1419964,30.9560349,270.9140077,4.8823048,-90.0,3,18,0.87,91.7
96.4,11.4759218,76.1419875,30.9971394,270.8459058,5.0347231,-90.0,3,18,0.87,91.7
96.6,11.4759233,76.1419782,30.7393803,270.8182215,5.0921373,-90.0,3,18,0.91,91.7
96.8,11.4759206,76.1419668,30.8550068,270.6342713,5.0300396,-90.0,3,18,0.86,91.7
97.0,11.4759181,76.1419582,30.7179045,271.494428,4.9498267,-90.0,3,17,0.97,91.7
97.2,11.4759217,76.14195,30.7350704,270.3964866,4.9374754,-90.0,3,17,0.97,91.7
97.4,11.4759198,76.1419413,30.7134068,271.2470153,4.9540007,-90.0,3,17,0.92,91.6
97.6,11.4759189,76.1419337,30.7991573,271.2574014,4.8432389,-90.0,3,18,0.88,91.6
97.8,11.4759244,76.1419212,30.9778088,270.7809533,5.0290966,-90.0,3,17,0.96,91.6
98.0,11.4759237,76.1419154,30.9929289,270.3274988,4.9913893,-90.0,3,17,0.95,91.6
98.2,11.4759228,76.1419073,30.8315643,270.82771,4.9420616,-90.0,3,17,0.94,91.6
98.4,11.4759236,76.1418962,30.6378077,271.0993791,5.0088422,-90.0,3,18,0.88,91.6
98.6,11.4759194,76.141883,31.0665728,270.3983705,5.0452499,-90.0,3,18,0.86,91.6
98.8,11.475921,76.1418739,30.7229767,270.0944666,4.9053972,-90.0,3,18,0.88,91.6
99.0,11.4759255,76.1418685,30.93937,270.8634586,4.9851179,-90.0,3,17,0.98,91.6
99.2,11.4759241,76.1418575,30.6062793,271.6570614,4.8195737,-90.0,3,16,1.0,91.5
99.4,11.4759268,76.1418512,30.8445771,270.5315629,4.950879,-90.0,3,16,1.04,91.5
99.6,11.4759268,76.1418403,30.799338,270.6949264,4.8729205,-90.0,3,17,0.95,91.5
99.8,11.4759274,76.1418323,30.6022088,272.950122,4.9320396,-90.0,3,17,0.97,91.5
100.0,11.4759234,76.1418238,30.6384613,274.6798528,4.8700298,-90.0,3,17,0.93,91.5
100.2,11.4759225,76.1418151,30.8419164,277.9097044,5.1301864,-90.0,3,16,1.04,91.5
100.4,11.4759239,76.1418008,30.6517198,282.1950257,5.0147183,-90.0,3,16,1.07,91.5
100.6,11.4759283,76.1417912,30.8997326,285.1386546,4.8664418,-90.0,3,16,1.12,91.5
100.8,11.4759339,76.1417842,30.7806736,290.1744983,4.9302668,-90.0,3,16,1.07,91.5
101.0,11.4759329,76.1417744,30.7614533,293.0265864,5.0009822,-90.0,3,16,1.0,91.4
101.2,11.4759392,76.1417655,30.8933364,296.9778039,4.836927,-90.0,3,16,1.01,91.4
101.4,11.4759399,76.1417617,30.7298418,301.1294797,4.798362,-90.0,3,16,1.0,91.4
101.6,11.4759495,76.1417522,30.897224,304.3529249,5.0085784,-90.0,3,16,1.05,91.4
101.8,11.4759509,76.1417469,30.848883,308.8701543,4.9916721,-90.0,3,17,0.95,91.4
102.0,11.4759562,76.1417406,30.6349182,312.539435,4.9530127,-90.0,3,17,0.96,91.4
102.2,11.4759646,76.1417298,30.4256256,316.0727866,4.8548406,-90.0,3,17,0.91,91.4
102.4,11.4759709,76.1417269,30.4852286,320.1654964,5.0791079,-90.0,3,18,0.9,91.4
102.6,11.4759798,76.1417206,30.6994693,323.7927782,4.9868115,-90.0,3,19,0.82,91.4
102.8,11.4759857,76.1417195,30.6241282,328.2554615,4.9683709,-90.0,3,19,0.8,91.3
103.0,11.4759928,76.1417097,30.8079729,331.137022,5.1478057,-90.0,3,18,0.9,91.3
103.2,11.4760022,76.1417054,30.9970524,335.4910882,4.9951515,-90.0,3,18,0.85,91.3
103.4,11.4760065,76.1417035,30.8815881,338.8684588,5.0213621,-90.0,3,18,0.88,91.3
103.6,11.476017,76.1416997,30.6560298,343.3527949,5.0007819,-90.0,3,18,0.86,91.3
103.8,11.4760232,76.1416983,30.9752252,347.2755217,4.987169,-90.0,3,18,0.84,91.3
104.0,11.4760351,76.1417012,30.8061364,350.1939755,5.0183802,-90.0,3,18,0.84,91.3
104.2,11.476042,76.141694,30.7328304,354.8755071,4.9543424,-90.0,3,18,0.89,91.3
104.4,11.4760504,76.1416957,30.3448625,358.5724058,5.0458768,-90.0,3,17,0.96,91.3
104.6,11.476063,76.1416925,30.7657254,2.2920646,4.9552327,-90.0,3,18,0.96,91.2
104.8,11.4760722,76.1416936,30.7880312,5.8234446,4.7868963,-90.0,3,17,0.9,91.2
105.0,11.4760752,76.1416986,30.8227352,9.368638,5.0061065,-90.0,3,17,0.98,91.2
105.2,11.4760882,76.1416938,30.835947,13.7298605,4.983043,-90.0,3,16,1.06,91.2
105.4,11.4760972,76.141704,30.6252138,17.6513525,5.0871114,-90.0,3,16,1.04,91.2
105.6,11.4761076,76.1417018,30.9393471,21.3073578,4.900759,-90.0,3,16,1.01,91.2
105.8,11.4761154,76.1417077,30.6037143,25.6306032,4.9733582,-90.0,3,16,1.01,91.2
106.0,11.476121,76.1417122,31.0133141,28.8716106,5.0093698,-90.0,3,16,1.1,91.2
106.2,11.4761271,76.1417115,30.7051977,32.430246,4.9322615,-90.0,1,4,9.9,91.2
106.4,11.476137,76.1417197,30.6146779,36.4281067,4.9632823,-90.0,1,4,9.9,91.1
106.6,11.4761462,76.141725,30.6573143,40.729544,5.0058539,-90.0,1,4,9.9,91.1
106.8,11.4761555,76.1417304,30.785612,43.5509329,4.926147,-90.0,1,4,9.9,91.1
107.0,11.4761606,76.1417367,30.7321269,47.8642335,5.1451749,-90.0,1,4,9.9,91.1
107.2,11.4761676,76.1417469,30.5880938,51.8049878,4.9034232,-90.0,1,4,9.9,91.1
107.4,11.4761764,76.1417541,30.6174461,55.8311069,4.965557,-90.0,1,4,9.9,91.1
107.6,11.4761758,76.1417617,30.5406501,60.3742767,5.0027156,-90.0,1,4,9.9,91.1
107.8,11.4761813,76.1417717,30.7338385,62.78911,4.7272272,-90.0,1,4,9.9,91.1
108.0,11.4761882,76.141782,30.6318294,67.3256,4.937106,-90.0,1,4,9.9,91.1
108.2,11.4761876,76.1417856,30.6129554,70.7858794,5.1715457,-90.0,1,4,9.9,91.0
108.4,11.4761889,76.1417909,30.5689632,74.5303563,4.8684656,-90.0,1,4,9.9,91.0
108.6,11.4761932,76.1418029,30.2552882,78.8943178,4.9425237,-90.0,1,4,9.9,91.0
108.8,11.4761954,76.141812,30.5814595,82.5945509,5.0309961,-90.0,1,4,9.9,91.0
109.0,11.4761921,76.1418205,30.6108438,86.0317467,5.0579413,-90.0,1,4,9.9,91.0
109.2,11.4761989,76.141832,30.4803135,88.5730779,5.0239961,-90.0,1,4,9.9,91.0
109.4,11.4761939,76.1418392,30.4978082,90.5812345,5.0829829,-90.0,1,4,9.9,91.0
109.6,11.4761997,76.1418474,30.6904434,91.6628159,4.8210334,-90.0,1,4,9.9,91.0
109.8,11.4761969,76.1418589,30.5417987,90.3331201,5.0861125,-90.0,1,4,9.9,91.0
110.0,11.4761944,76.1418673,30.5152314,91.2137918,5.1311974,-90.0,3,13,1.29,91.0
110.2,11.4761991,76.1418734,30.4450753,90.6635132,4.9733422,-90.0,3,14,1.2,90.9
110.4,11.476199,76.141886,30.3377655,90.6472155,4.9098639,-90.0,3,14,1.21,90.9
110.6,11.4761999,76.1418966,30.5160055,90.9897142,4.9548739,-90.0,3,14,1.15,90.9
110.8,11.4761995,76.1419007,30.2814778,90.4500942,4.9819048,-90.0,3,14,1.19,90.9
111.0,11.4762011,76.1419134,30.5377926,90.5330647,4.9435306,-90.0,3,14,1.2,90.9
111.2,11.4761963,76.1419216,30.8536051,90.0841579,5.0054455,-90.0,3,14,1.19,90.9
111.4,11.4761993,76.1419337,30.1654316,90.5305393,4.9862626,-90.0,3,14,1.18,90.9
111.6,11.4762001,76.1419431,30.3250843,91.6449409,5.1104905,-90.0,3,14,1.2,90.9
111.8,11.4761996,76.1419523,30.5074392,91.4792551,4.8629001,-90.0,3,13,1.31,90.9
112.0,11.4761968,76.1419591,30.4492248,90.3190336,5.0504544,-90.0,3,13,1.34,90.8
112.2,11.4762017,76.1419675,30.5659915,90.44666,5.1462515,-90.0,3,13,1.25,90.8
112.4,11.4761947,76.1419769,30.2591066,90.467679,5.1318439,-90.0,3,13,1.31,90.8
112.6,11.4761983,76.1419826,30.4216409,91.6455937,5.0656271,-90.0,3,13,1.27,90.8
112.8,11.4761982,76.1419943,30.1329438,91.0387223,5.1583212,-90.0,3,13,1.3,90.8
113.0,11.4762021,76.1420066,30.3944185,90.752531,4.9668979,-90.0,3,13,1.28,90.8
113.2,11.4762001,76.142012,30.455151,90.9559329,4.9648078,-90.0,3,13,1.28,90.8
113.4,11.4761988,76.1420209,30.483737,90.8240739,5.0817971,-90.0,3,14,1.21,90.8
113.6,11.4762018,76.1420317,30.2177975,90.3711142,4.9924608,-90.0,3,15,1.14,90.8
113.8,11.4762014,76.1420424,30.272625,90.501393,5.0221965,-90.0,3,15,1.08,90.7
114.0,11.4762019,76.1420517,30.2444321,89.93086,5.074298,-90.0,3,16,1.08,90.7
114.2,11.4762029,76.142058,30.325231,90.5132059,4.9625412,-90.0,3,15,1.16,90.7
114.4,11.4762004,76.1420676,30.24493,90.9676522,5.1881924,-90.0,3,15,1.13,90.7
114.6,11.476198,76.1420777,30.4018231,91.0699453,5.0469238,-90.0,3,16,1.04,90.7
114.8,11.4761991,76.1420897,30.0246025,90.562623,4.9559033,-90.0,3,16,1.05,90.7
115.0,11.4762028,76.1420946,30.4028344,90.7265184,4.8479632,-90.0,3,16,1.07,90.7
115.2,11.4761985,76.1421036,30.3093475,91.6863465,5.0170644,-90.0,3,15,1.1,90.7
115.4,11.4762012,76.1421131,30.2785098,90.4712453,5.1311872,-90.0,3,15,1.05,90.7
115.6,11.4762035,76.1421259,30.3812432,91.6207385,4.9598219,-90.0,3,15,1.11,90.6
115.8,11.4762049,76.1421356,30.2050918,90.7350325,4.920723,-90.0,3,15,1.09,90.6
116.0,11.4762013,76.1421453,30.140665,91.314579,5.0264431,-90.0,3,15,1.12,90.6
116.2,11.4762016,76.1421468,30.2682923,90.541414,4.9947484,-90.0,3,16,1.04,90.6
116.4,11.476202,76.1421602,30.2793847,90.7702699,5.1645149,-90.0,3,16,1.01,90.6
116.6,11.4762047,76.14217,30.3561527,91.2534055,4.9084866,-90.0,3,16,1.05,90.6
116.8,11.4761984,76.1421797,30.159255,91.2640646,4.9373661,-90.0,3,16,1.1,90.6
117.0,11.4762027,76.1421946,30.0110722,90.4510374,5.1262815,-90.0,3,16,1.05,90.6
117.2,11.4762057,76.1421991,30.2619848,90.4564126,4.9601644,-90.0,3,17,0.97,90.6
117.4,11.4762032,76.1422087,30.2579437,90.8820548,5.0898957,-90.0,3,17,0.92,90.5
117.6,11.4762039,76.1422126,30.4777011,91.2792282,4.820707,-90.0,3,17,0.96,90.5
117.8,11.4762031,76.1422279,30.4298137,90.6243192,4.9678597,-90.0,3,17,0.97,90.5
118.0,11.4762041,76.1422339,30.3020719,90.5662469,5.0530325,-90.0,3,17,0.92,90.5
118.2,11.4762052,76.1422442,30.1746243,90.2322224,5.2481893,-90.0,3,17,0.94,90.5
118.4,11.4762024,76.1422527,30.2979249,90.8991833,5.0488813,-90.0,3,16,0.99,90.5
118.6,11.476202,76.1422589,30.1606637,90.8622209,4.9724996,-90.0,3,15,1.08,90.5
118.8,11.4762015,76.1422696,30.1689466,90.5707492,5.1445391,-90.0,3,16,1.01,90.5
119.0,11.4762005,76.1422765,30.2145314,90.9822589,4.8542507,-90.0,3,16,1.02,90.5
119.2,11.4762025,76.1422861,30.470292,91.1964327,5.163683,-90.0,3,15,1.13,90.4
119.4,11.4762007,76.1423032,29.9971204,90.8229794,5.0767663,-90.0,3,15,1.08,90.4
119.6,11.4762059,76.1423091,30.3717324,89.863865,5.0064146,-90.0,3,15,1.13,90.4
119.8,11.4762025,76.1423181,30.2839288,90.6311976,5.0252465,-90.0,3,14,1.28,90.4
120.0,11.4762021,76.1423235,30.2123977,90.598668,4.9483993,-90.0,3,14,1.21,90.4
120.2,11.4762043,76.142338,30.13699,90.9560681,4.995999,-90.0,3,14,1.23,90.4
120.4,11.4762032,76.1423477,30.1360577,90.9144027,4.9779659,-90.0,3,14,1.2,90.4
120.6,11.4762036,76.1423549,30.2185885,91.4305019,4.9806728,-90.0,3,14,1.21,90.4
120.8,11.4762061,76.1423617,30.1193367,91.1689494,5.1109374,-90.0,3,15,1.12,90.4
121.0,11.4762008,76.1423774,30.0936352,90.5204747,4.960573,-90.0,3,16,1.02,90.3
121.2,11.4762033,76.142382,30.0755068,90.9382467,5.0108468,-90.0,3,16,1.07,90.3
121.4,11.4762005,76.1423955,30.26068,90.592038,4.9848758,-90.0,3,17,0.99,90.3
121.6,11.4762035,76.1423999,30.1244772,91.0313381,4.7450455,-90.0,3,17,0.94,90.3
121.8,11.4762018,76.142418,30.2548148,89.8236799,5.0593186,-90.0,3,18,0.83,90.3
122.0,11.4762004,76.1424208,30.3883284,91.3201932,5.0636577,-90.0,3,17,1.02,90.3
122.2,11.476202,76.1424319,30.288657,90.6371037,4.9815488,-90.0,3,17,1.02,90.3
122.4,11.4761998,76.1424411,29.985068,90.331669,5.0728801,-90.0,3,17,0.91,90.3
122.6,11.476203,76.1424462,30.1261165,90.6696694,4.9477861,-90.0,3,17,0.96,90.3
122.8,11.4762042,76.142459,30.5369741,90.8197208,4.7520948,-90.0,3,18,0.91,90.2
123.0,11.4762018,76.1424672,30.3371773,90.4407411,5.0272659,-90.0,3,18,0.88,90.2
123.2,11.476201,76.142476,30.1758299,91.3824291,5.0292686,-90.0,3,18,0.9,90.2
123.4,11.4762005,76.1424871,30.208599,91.0862779,4.9979645,-90.0,3,17,0.95,90.2
123.6,11.4762039,76.1424977,30.3076565,90.7222062,5.2241203,-90.0,3,17,0.97,90.2
123.8,11.4762082,76.1424995,30.1856219,91.1237091,5.059943,-90.0,3,17,0.94,90.2
124.0,11.4762053,76.1425134,30.3048729,91.3708608,4.9666305,-90.0,3,18,0.88,90.2
124.2,11.4761998,76.1425266,30.1064213,90.8234423,5.0724958,-90.0,3,18,0.89,90.2
124.4,11.4762042,76.142532,30.2459708,91.1434077,5.0714731,-90.0,3,18,0.94,90.2
124.6,11.4762011,76.1425407,30.1160413,90.4118375,5.1735891,-90.0,3,18,0.94,90.1
124.8,11.4762009,76.1425504,30.4406345,90.52902,5.0129934,-90.0,3,18,0.84,90.1
125.0,11.4762018,76.1425596,30.0575936,91.0536369,5.1352615,-90.0,3,18,0.89,90.1
125.2,11.4762039,76.1425691,30.1380585,91.0717747,4.9095878,-90.0,3,18,0.91,90.1
125.4,11.4762068,76.1425803,30.272103,90.5725732,4.8554883,-90.0,3,17,1.0,90.1
125.6,11.4762004,76.1425912,30.3509019,91.5099188,5.1528117,-90.0,3,16,1.06,90.1
125.8,11.476203,76.1425933,29.9114364,91.0912078,5.1028708,-90.0,3,15,1.15,90.1
126.0,11.4762029,76.1426059,30.380547,91.0135814,4.9631101,-90.0,3,15,1.11,90.1
126.2,11.4762047,76.1426136,30.3814406,91.1023399,4.9463541,-90.0,3,15,1.11,90.1
126.4,11.4762009,76.142628,30.325519,90.5727415,4.9115796,-90.0,3,15,1.13,90.0
126.6,11.4762046,76.1426343,30.679874,91.0470574,4.9792027,-90.0,3,15,1.1,90.0
126.8,11.4761999,76.1426453,30.5401222,90.3939814,5.0406707,-90.0,3,15,1.17,90.0
127.0,11.4762006,76.1426511,30.0707936,91.1148303,4.9466051,-90.0,3,16,1.1,90.0
127.2,11.4762053,76.1426574,30.4313189,90.7857967,4.9085396,-90.0,3,16,1.07,90.0
127.4,11.4762033,76.1426683,30.2083045,89.969514,4.8972706,-90.0,3,16,1.0,90.0
127.6,11.4762005,76.1426775,30.3543035,90.608218,5.0110667,-90.0,3,16,0.99,90.0
127.8,11.4761987,76.142688,30.5480186,90.5537908,4.9535205,-90.0,3,16,1.05,90.0
128.0,11.4762013,76.1426991,30.3397563,90.8950501,4.9141438,-90.0,3,16,1.03,90.0
128.2,11.4762017,76.1427059,30.3821752,90.2755419,5.1159677,-90.0,3,16,1.06,89.9
128.4,11.4761998,76.1427171,30.3612939,90.6700595,4.9197124,-90.0,3,17,0.95,89.9
128.6,11.4761989,76.142726,30.4933206,90.2306203,4.9380169,-90.0,3,17,0.94,89.9
128.8,11.4762016,76.1427364,30.2062192,90.5688951,4.9398261,-90.0,3,17,0.91,89.9
129.0,11.4762024,76.1427474,30.4908358,91.1813211,4.8129154,-90.0,3,18,0.91,89.9
129.2,11.4762039,76.14275,30.3153052,90.2871026,4.9674684,-90.0,3,18,0.91,89.9
129.4,11.4762017,76.1427629,30.2678818,90.3290709,4.8433316,-90.0,3,18,0.85,89.9
129.6,11.4762009,76.1427685,30.3057743,90.2977274,4.9899297,-90.0,3,18,0.88,89.9
129.8,11.4762029,76.1427863,30.4175557,90.4607142,4.8340785,-90.0,3,17,0.92,89.9
130.0,11.4761981,76.142789,30.2604227,90.8053768,5.1050694,-90.0,3,17,0.92,89.8
130.2,11.4761984,76.142799,30.5025908,90.5627556,5.1018066,-90.0,3,18,0.88,89.8
130.4,11.4761973,76.142811,30.6129813,90.9645557,4.9939148,-90.0,3,18,0.87,89.8
130.6,11.4761972,76.142818,30.3963394,90.8969814,4.967374,-90.0,3,18,0.87,89.8
130.8,11.4761963,76.1428293,30.2213999,90.2706238,5.067793,-90.0,3,19,0.79,89.8
131.0,11.476201,76.1428352,30.5441604,90.4306258,4.9177627,-90.0,3,19,0.78,89.8
131.2,11.4761972,76.14285,30.7580168,91.0460102,4.9270298,-90.0,3,19,0.79,89.8
131.4,11.4762036,76.142861,30.2086763,90.8223328,4.9327108,-90.0,3,19,0.79,89.8
131.6,11.4762055,76.1428678,30.479029,91.0351493,5.106258,-90.0,3,19,0.8,89.8
131.8,11.4761983,76.1428719,30.6835645,91.41549,5.0484913,-90.0,3,19,0.79,89.8
132.0,11.4761961,76.142884,30.5349175,90.7213818,5.0729969,-90.0,3,18,0.86,89.7
132.2,11.4761938,76.1428967,30.425707,91.5052302,4.9744715,-90.0,3,18,0.92,89.7
132.4,11.4761994,76.142903,30.651534,90.9410169,5.0789819,-90.0,3,19,0.78,89.7
132.6,11.4761956,76.1429159,30.3408306,91.1182526,4.9742452,-90.0,3,19,0.74,89.7
132.8,11.4761967,76.1429265,30.6868221,90.376511,4.9676458,-90.0,3,19,0.8,89.7
133.0,11.4761964,76.142934,30.7058589,90.9816183,5.0199432,-90.0,3,19,0.74,89.7
133.2,11.4761966,76.1429388,30.4277487,89.9599908,4.8792367,-90.0,3,19,0.83,89.7
133.4,11.476199,76.1429505,30.5980129,90.5255253,4.9054571,-90.0,3,19,0.77,89.7
133.6,11.4762026,76.1429605,30.5233527,90.4343796,5.0122555,-90.0,3,19,0.81,89.7
133.8,11.4762005,76.1429731,30.3586109,90.9889502,5.0556418,-90.0,3,19,0.87,89.6
134.0,11.4761971,76.142977,30.1271386,91.6323521,4.9549852,-90.0,3,19,0.84,89.6
134.2,11.4762011,76.1429883,30.570404,90.744471,5.022614,-90.0,3,19,0.76,89.6
134.4,11.4761966,76.1429948,30.5388333,90.3501021,5.0370886,-90.0,3,19,0.84,89.6
134.6,11.4761953,76.1430002,30.4558961,90.583652,5.0673527,-90.0,3,19,0.8,89.6
134.8,11.4761961,76.1430137,30.9767689,90.9434923,4.9725373,-90.0,3,19,0.73,89.6
135.0,11.4761983,76.1430291,30.7193628,90.9438373,4.9320918,-90.0,3,19,0.79,89.6
135.2,11.4761989,76.143031,30.726695,90.9856527,5.05323,-90.0,3,19,0.78,89.6
135.4,11.4762016,76.1430392,30.6296463,91.0423154,4.967984,-90.0,3,19,0.81,89.6
135.6,11.4761982,76.1430517,30.5777313,91.0374368,5.1139057,-90.0,3,19,0.85,89.5
135.8,11.476199,76.143063,30.7163407,91.3498034,4.9068772,-90.0,3,19,0.75,89.5
136.0,11.476197,76.1430668,30.6960095,90.8899409,5.1829391,-90.0,3,19,0.81,89.5
136.2,11.4761979,76.1430735,30.7640579,90.8667209,4.8463489,-90.0,3,19,0.82,89.5
136.4,11.476197,76.1430821,30.4547419,91.5161438,4.9026066,-90.0,3,19,0.77,89.5
136.6,11.4761997,76.1430924,30.6945144,91.1147622,5.095003,-90.0,3,19,0.81,89.5
136.8,11.4761924,76.1431013,30.882384,90.9344881,5.0398038,-90.0,3,19,0.82,89.5
137.0,11.4762001,76.1431148,30.3650093,90.2022895,4.9089967,-90.0,3,19,0.78,89.5
137.2,11.4761951,76.143122,30.9675231,91.3625006,4.9752814,-90.0,3,19,0.77,89.5
137.4,11.4761973,76.1431313,30.5782617,90.8549456,5.187178,-90.0,3,19,0.79,89.4
137.6,11.4761982,76.1431406,30.849532,90.6271065,5.0332679,-90.0,3,19,0.76,89.4
137.8,11.4762038,76.1431511,30.7127899,90.3808809,4.9841456,-90.0,3,19,0.79,89.4
138.0,11.476197,76.1431611,30.8409211,91.196456,4.8911224,-90.0,3,18,0.91,89.4
138.2,11.4762005,76.1431668,30.4745276,90.3768968,4.9946906,-90.0,3,18,0.91,89.4
138.4,11.4761985,76.1431786,30.9019046,90.8996191,4.9946363,-90.0,3,18,0.86,89.4
138.6,11.4762015,76.1431826,30.721092,90.3682837,4.9961185,-90.0,3,18,0.82,89.4
138.8,11.4761983,76.1431941,30.6814722,91.4234338,5.0889983,-90.0,3,18,0.86,89.4
139.0,11.4761972,76.1432082,30.8964253,90.5332175,5.05571,-90.0,3,18,0.88,89.4
139.2,11.4762017,76.1432165,30.8909266,90.875569,4.9486147,-90.0,3,17,0.92,89.3
139.4,11.4762051,76.1432252,31.0265828,90.9012156,4.8583212,-90.0,3,18,0.86,89.3
139.6,11.4761999,76.1432351,30.7861319,91.0893579,4.9850307,-90.0,3,18,0.84,89.3
139.8,11.4762001,76.1432428,31.0384821,90.8727705,5.0218953,-90.0,3,19,0.82,89.3
140.0,11.4762019,76.1432513,30.8307401,91.0482324,5.1809793,-90.0,3,19,0.79,89.3
140.2,11.4761976,76.1432584,30.7875021,90.0861304,4.8068921,-90.0,3,19,0.79,89.3
140.4,11.4761968,76.1432677,30.8666865,90.4447534,5.0113914,-90.0,3,18,0.86,89.3
140.6,11.4761999,76.14328,30.9173335,90.857251,5.0961197,-90.0,3,18,0.88,89.3
140.8,11.4761986,76.1432916,30.5364391,90.2151974,5.1873571,-90.0,3,18,0.9,89.3
141.0,11.4761979,76.143298,30.7427477,90.7952286,4.9730307,-90.0,3,18,0.91,89.2
141.2,11.4762009,76.143309,30.7750809,90.2868577,5.0592086,-90.0,3,19,0.81,89.2
141.4,11.4761924,76.1433151,30.7963426,90.4558858,4.9590708,-90.0,3,19,0.76,89.2
141.6,11.4762,76.1433269,30.852442,91.0308866,4.9370551,-90.0,3,19,0.82,89.2
141.8,11.4761938,76.1433391,30.7609099,90.6986997,5.0091554,-90.0,3,19,0.82,89.2
142.0,11.4761976,76.1433409,30.6470772,91.0752657,4.9666924,-90.0,3,19,0.82,89.2
142.2,11.4761974,76.1433552,30.8628254,91.260502,5.0394049,-90.0,3,19,0.86,89.2
142.4,11.4761996,76.1433629,30.906874,90.3470127,4.9666243,-90.0,3,19,0.8,89.2
142.6,11.4761967,76.143372,31.0414775,91.0380882,5.0494827,-90.0,3,19,0.8,89.2
142.8,11.4761965,76.143385,30.7633693,90.1396521,4.9774916,-90.0,3,19,0.82,89.1
143.0,11.476197,76.1433905,30.8403432,90.1322678,4.9544616,-90.0,3,19,0.78,89.1
143.2,11.4761939,76.1434006,30.6706567,91.0234812,4.7703345,-90.0,3,19,0.81,89.1
143.4,11.4761993,76.1434061,30.902611,90.528539,4.8928637,-90.0,3,19,0.82,89.1
143.6,11.476199,76.1434159,30.4472854,90.7652589,4.9594355,-90.0,3,19,0.84,89.1
143.8,11.4762004,76.1434225,30.817575,90.0825567,4.9425319,-90.0,3,19,0.8,89.1
144.0,11.4761984,76.1434317,30.8732885,91.1861611,4.836062,-90.0,3,19,0.81,89.1
144.2,11.4761994,76.1434407,30.6636891,91.5174287,5.167001,-90.0,3,19,0.76,89.1
144.4,11.4761985,76.143452,30.5595937,91.0704014,5.0007289,-90.0,3,18,0.85,89.1
144.6,11.4761961,76.1434586,30.9837038,89.9882631,4.8946662,-90.0,3,18,0.9,89.0
144.8,11.4761988,76.1434688,30.8975354,90.3921204,4.9601043,-90.0,3,18,0.93,89.0
145.0,11.4761954,76.1434803,30.7945227,90.212132,5.1040802,-90.0,3,18,0.87,89.0
145.2,11.4761965,76.1434891,30.7963019,90.3728529,4.9584483,-90.0,3,18,0.86,89.0
145.4,11.4761979,76.1434943,30.7019696,90.835691,5.2880477,-90.0,3,18,0.9,89.0
145.6,11.476199,76.1435053,30.9716978,90.9582657,4.955046,-90.0,3,19,0.85,89.0
145.8,11.4761972,76.1435171,30.433688,90.1645959,5.0281417,-90.0,3,19,0.84,89.0
146.0,11.476199,76.1435244,30.7911823,91.5279901,5.0833188,-90.0,3,19,0.8,89.0
146.2,11.4762011,76.1435341,30.6490259,90.7244398,5.0462038,-90.0,3,19,0.79,89.0
146.4,11.4761974,76.1435429,30.6738799,90.5512697,4.9654816,-90.0,3,18,0.87,88.9
146.6,11.4761956,76.1435538,30.8945024,91.0407529,5.2256525,-90.0,3,18,0.88,88.9
146.8,11.4762002,76.143564,30.9088947,90.8747332,4.9929443,-90.0,3,18,0.87,88.9
147.0,11.4761993,76.1435695,30.8002748,90.7885271,4.9828703,-90.0,3,17,0.94,88.9
147.2,11.4761972,76.143582,30.7445825,89.6439289,5.1417678,-90.0,3,17,0.95,88.9
147.4,11.4761955,76.1435938,30.9263035,90.9284985,5.1072968,-90.0,3,17,0.93,88.9
147.6,11.4761993,76.1435966,30.590448,91.1318815,4.8149837,-90.0,3,18,0.87,88.9
147.8,11.4761964,76.1436072,30.885831,91.0047427,4.8848898,-90.0,3,18,0.9,88.9
148.0,11.4762016,76.1436163,30.74466,90.6371923,5.0220588,-90.0,3,18,0.87,88.9
148.2,11.4761948,76.1436302,30.479598,90.7431789,4.8855701,-90.0,3,18,0.88,88.8
148.4,11.4761975,76.1436344,30.6250529,90.4817706,5.0769221,-90.0,3,18,0.85,88.8
148.6,11.476196,76.1436426,30.7742921,91.053512,4.8808643,-90.0,3,17,0.93,88.8
148.8,11.476202,76.14365,30.6586807,91.0550285,4.7473212,-90.0,3,18,0.84,88.8
149.0,11.4761984,76.1436646,30.6732826,90.5201815,4.9836746,-90.0,3,18,0.86,88.8
149.2,11.4761982,76.1436715,30.8890036,91.1094779,5.063179,-90.0,3,18,0.91,88.8
149.4,11.4761976,76.143678,30.6558936,91.0490196,5.0918054,-90.0,3,18,0.85,88.8
149.6,11.4761976,76.1436847,30.8633896,90.5215889,4.9612549,-90.0,3,18,0.92,88.8
149.8,11.4761936,76.1437007,30.9072612,91.5830845,5.0685373,-90.0,3,18,0.84,88.8
150.0,11.4762011,76.1437085,30.7559249,91.0077729,5.2094906,-90.0,3,18,0.91,88.8
150.2,11.4761999,76.143716,30.4385458,91.2225105,4.8987908,-90.0,3,18,0.86,88.7
150.4,11.4761961,76.1437237,30.9252733,90.8415437,5.1300455,-90.0,3,18,0.93,88.7
150.6,11.4761954,76.143736,30.8568927,90.755109,4.9016575,-90.0,3,18,0.94,88.7
150.8,11.4761956,76.1437417,30.441297,90.206626,4.9852588,-90.0,3,18,0.88,88.7
151.0,11.4761957,76.1437495,30.5278775,91.2955071,5.0115226,-90.0,3,17,1.05,88.7
151.2,11.4761945,76.1437623,30.6941126,89.7776872,4.9022804,-90.0,3,17,0.99,88.7
151.4,11.476196,76.1437734,30.446592,86.8265898,4.7191145,-90.0,3,17,0.99,88.7
151.6,11.4761978,76.1437796,30.8753952,84.5689201,4.9278905,-90.0,3,17,0.9,88.7
151.8,11.4762021,76.1437923,30.5708924,80.4417764,4.9726064,-90.0,3,17,0.92,88.7
152.0,11.4761997,76.1438018,30.5983742,76.0234731,5.1081992,-90.0,3,17,0.95,88.6
152.2,11.476205,76.1438105,30.5373918,72.5235653,5.0569904,-90.0,3,17,0.98,88.6
152.4,11.4762049,76.1438167,30.5240941,68.5788725,5.1056714,-90.0,3,16,1.05,88.6
152.6,11.4762067,76.1438254,30.443674,65.0633427,4.9810275,-90.0,3,16,1.0,88.6
152.8,11.4762159,76.1438302,30.4930771,61.4121583,4.9195075,-90.0,3,16,0.94,88.6
153.0,11.4762161,76.1438361,30.4388053,57.1583741,5.0652644,-90.0,3,17,0.97,88.6
153.2,11.4762191,76.1438466,30.5903644,54.1679717,4.9821302,-90.0,3,17,0.92,88.6
153.4,11.4762291,76.1438553,30.5801437,49.1165157,4.8836383,-90.0,3,17,0.97,88.6
153.6,11.4762338,76.1438606,30.9494747,45.5691826,4.9941393,-90.0,3,17,0.97,88.6
153.8,11.4762439,76.1438692,30.4180994,41.3807465,4.990971,-90.0,3,17,1.0,88.5
154.0,11.4762492,76.1438713,30.4615645,38.1218867,4.9856083,-90.0,3,17,0.96,88.5
154.2,11.4762584,76.1438787,30.5060139,33.7544809,4.9897953,-90.0,3,18,0.86,88.5
154.4,11.476265,76.143882,30.6201011,30.7549187,4.8399796,-90.0,3,18,0.89,88.5
154.6,11.476272,76.1438901,30.7010903,26.0893791,4.9063708,-90.0,3,18,0.87,88.5
154.8,11.4762817,76.1438908,30.5474972,22.8359731,5.0025944,-90.0,3,19,0.82,88.5
155.0,11.4762919,76.1438957,30.3478957,19.3158897,5.0232302,-90.0,3,19,0.81,88.5
155.2,11.4762956,76.143893,30.2688192,14.7482603,4.9914189,-90.0,3,19,0.78,88.5
155.4,11.4763043,76.1439008,30.8503144,11.0957043,5.1739736,-90.0,3,19,0.78,88.5
155.6,11.4763142,76.1438982,30.4010896,6.7356101,4.9782718,-90.0,3,19,0.82,88.4
155.8,11.4763242,76.1439014,30.2680083,3.1882058,5.0689727,-90.0,3,19,0.79,88.4
156.0,11.4763311,76.1438985,30.3599076,0.1479985,5.0752816,-90.0,3,19,0.85,88.4
156.2,11.4763417,76.1439014,30.3900039,356.2458465,4.9756327,-90.0,3,19,0.79,88.4
156.4,11.4763505,76.1438965,30.3324545,352.2309319,4.8851545,-90.0,3,19,0.8,88.4
156.6,11.4763594,76.1438978,30.9065458,348.0673897,4.964739,-90.0,3,19,0.76,88.4
156.8,11.47637,76.1438971,30.4933179,344.7073765,4.9346781,-90.0,3,19,0.81,88.4
157.0,11.476376,76.143889,30.5747421,340.3045288,4.8798211,-90.0,3,19,0.79,88.4
157.2,11.4763906,76.143887,30.2024109,336.4598095,4.8909449,-90.0,3,19,0.81,88.4
157.4,11.4763934,76.1438871,29.9316019,332.9123112,4.8485975,-90.0,3,18,0.87,88.3
157.6,11.4764039,76.1438834,30.176651,329.0591445,5.0560907,-90.0,3,18,0.86,88.3
157.8,11.4764071,76.143878,30.2415425,325.2759377,5.052106,-90.0,3,19,0.74,88.3
158.0,11.4764144,76.1438718,30.2867368,321.222644,5.0015614,-90.0,3,19,0.8,88.3
158.2,11.476421,76.1438656,30.3332257,317.0829452,5.0123554,-90.0,3,19,0.85,88.3
158.4,11.4764293,76.1438584,30.1972085,314.8001121,4.9220989,-90.0,3,18,0.91,88.3
158.6,11.4764309,76.1438535,30.1157766,309.4823038,5.0576873,-90.0,3,17,0.96,88.3
158.8,11.4764361,76.1438455,30.2989732,306.0044903,5.0449055,-90.0,3,17,1.0,88.3
159.0,11.4764448,76.1438379,30.3731664,302.2202528,4.9391552,-90.0,3,18,0.84,88.3
159.2,11.4764452,76.1438285,30.3904281,298.217513,4.9975762,-90.0,3,17,0.98,88.2
159.4,11.476449,76.1438183,30.2358955,294.9092953,5.1347935,-90.0,3,17,0.94,88.2
159.6,11.4764571,76.1438091,30.3754368,291.0312401,5.055095,-90.0,3,17,1.02,88.2
159.8,11.4764585,76.1438028,30.3603786,287.4289752,4.8616196,-90.0,3,17,0.98,88.2
160.0,11.4764593,76.1437941,30.0588971,282.1778767,4.8631477,-90.0,3,18,0.88,88.2
160.2,11.476457,76.143782,30.5704177,279.4442611,4.9144689,-90.0,3,18,0.87,88.2
160.4,11.4764601,76.1437747,30.036127,275.4293714,4.8397306,-90.0,3,18,0.84,88.2
160.6,11.4764619,76.1437699,30.5362971,272.6056347,5.2177497,-90.0,3,17,0.93,88.2
160.8,11.4764581,76.1437597,30.3298517,272.3018985,4.9603077,-90.0,3,16,1.09,88.2
161.0,11.4764655,76.1437463,29.9611112,271.0752831,4.9454207,-90.0,3,16,0.99,88.1
161.2,11.4764624,76.1437414,30.2480407,271.4279252,5.0480224,-90.0,3,16,0.95,88.1
161.4,11.4764596,76.1437317,30.0750081,270.1625396,5.0116115,-90.0,3,16,1.01,88.1
161.6,11.4764628,76.1437192,30.387327,270.9243718,5.0654989,-90.0,3,15,1.12,88.1
161.8,11.4764584,76.1437151,30.2247051,270.6342254,5.0695225,-90.0,3,15,1.11,88.1
162.0,11.4764617,76.1437016,30.0443046,271.5181129,5.0292622,-90.0,3,15,1.11,88.1
162.2,11.4764601,76.143693,30.2024272,270.9530006,5.0739638,-90.0,3,15,1.1,88.1
162.4,11.4764667,76.1436843,30.3514253,271.1917594,5.0003609,-90.0,3,15,1.16,88.1
162.6,11.4764657,76.1436708,30.3124043,270.4936678,4.9069736,-90.0,3,15,1.13,88.1
162.8,11.4764616,76.1436665,30.3419798,270.6814828,5.0923847,-90.0,3,16,1.07,88.0
163.0,11.4764654,76.1436547,30.226554,270.4093536,5.04824,-90.0,3,16,1.01,88.0
163.2,11.4764618,76.1436487,30.3656325,271.3781686,4.9743247,-90.0,3,16,1.04,88.0
163.4,11.4764642,76.1436361,30.1394735,270.9728018,5.0123704,-90.0,3,17,0.99,88.0
163.6,11.4764627,76.1436297,30.1151314,270.6405283,4.9384866,-90.0,3,17,0.94,88.0
163.8,11.4764622,76.1436217,29.9632676,271.1985722,5.013739,-90.0,3,17,1.0,88.0
164.0,11.4764618,76.143612,30.1595135,271.0336479,5.0001886,-90.0,3,16,1.0,88.0
164.2,11.4764591,76.1435968,30.1314133,270.8443164,5.0002507,-90.0,3,16,1.02,88.0
164.4,11.4764675,76.1435954,30.0135727,271.0714382,4.970124,-90.0,3,17,1.0,88.0
164.6,11.4764593,76.1435837,30.4832454,270.8641183,5.1358162,-90.0,3,17,0.95,87.9
164.8,11.4764598,76.1435737,30.0763332,270.9509674,5.0203446,-90.0,3,17,0.94,87.9
165.0,11.4764635,76.1435677,30.1541618,270.5299906,5.1825601,-90.0,3,18,0.89,87.9
165.2,11.4764577,76.1435575,30.3735035,270.2379226,5.1375269,-90.0,3,19,0.77,87.9
165.4,11.4764634,76.143545,30.2408778,270.9757717,5.0731,-90.0,3,19,0.82,87.9
165.6,11.4764605,76.1435424,30.2754461,271.2635698,5.1501876,-90.0,3,19,0.83,87.9
165.8,11.4764632,76.1435281,30.3131983,271.0858689,4.9237501,-90.0,3,19,0.85,87.9
166.0,11.4764631,76.1435179,30.3126532,270.6989199,4.9278413,-90.0,3,19,0.81,87.9
166.2,11.4764624,76.1435102,30.1448263,271.1039176,5.145727,-90.0,3,19,0.8,87.9
166.4,11.476465,76.1435041,30.1719367,270.613334,4.9196982,-90.0,3,19,0.79,87.8
166.6,11.476466,76.1434897,30.3759147,271.0439825,5.1119448,-90.0,3,19,0.76,87.8
166.8,11.4764627,76.1434826,30.1895195,270.5335967,5.0465343,-90.0,3,19,0.78,87.8
167.0,11.4764643,76.1434727,30.1649323,270.8324333,4.9811053,-90.0,3,19,0.77,87.8
167.2,11.4764647,76.1434694,30.3203119,270.4529159,4.8844914,-90.0,3,18,0.91,87.8
167.4,11.4764653,76.1434536,30.4075955,270.7409504,4.9428051,-90.0,3,18,0.88,87.8
167.6,11.4764651,76.1434496,30.1918655,270.2106552,4.895322,-90.0,3,18,0.91,87.8
167.8,11.4764648,76.1434326,30.2508251,270.5066644,4.9681315,-90.0,3,18,0.88,87.8
168.0,11.4764656,76.1434267,30.233265,270.9218533,5.0128871,-90.0,3,18,0.87,87.8
168.2,11.4764633,76.1434177,30.4083724,270.3195484,5.0993803,-90.0,3,18,0.94,87.7
168.4,11.4764707,76.1434095,30.1819724,271.2238697,4.8961612,-90.0,3,18,0.89,87.7
168.6,11.4764637,76.1434026,30.1551873,271.7589495,5.028136,-90.0,3,18,0.87,87.7
168.8,11.4764639,76.1433905,30.1904275,270.9069414,5.2726917,-90.0,3,18,0.91,87.7
169.0,11.4764686,76.1433803,30.0077115,270.9113493,5.050099,-90.0,3,18,0.9,87.7
169.2,11.4764649,76.1433714,30.4036641,270.4077184,5.088981,-90.0,3,17,0.98,87.7
169.4,11.4764685,76.1433623,30.1911681,271.4989623,4.9927444,-90.0,3,16,1.04,87.7
169.6,11.4764635,76.1433549,30.3341084,271.6682844,4.9874,-90.0,3,15,1.13,87.7
169.8,11.4764653,76.1433475,30.3308067,271.339258,4.8975236,-90.0,3,15,1.12,87.7
170.0,11.4764683,76.1433373,30.1821601,270.6420128,4.9292154,-90.0,3,14,1.19,87.6
170.2,11.4764646,76.1433273,30.0983882,270.9484817,5.0621396,-90.0,3,14,1.22,87.6
170.4,11.4764633,76.1433197,30.2468575,271.0010366,4.9406784,-90.0,3,14,1.23,87.6
170.6,11.4764679,76.1433088,30.2573193,270.8510853,4.9994833,-90.0,3,14,1.15,87.6
170.8,11.4764642,76.1433015,30.3178115,270.9498194,4.9166984,-90.0,3,14,1.2,87.6
171.0,11.4764656,76.1432915,30.3674904,270.1610054,4.9962843,-90.0,3,13,1.25,87.6
171.2,11.4764598,76.1432796,30.3970837,270.1695795,5.3032555,-90.0,3,14,1.21,87.6
171.4,11.4764649,76.143272,30.3315788,270.5414582,4.9724796,-90.0,3,15,1.1,87.6
171.6,11.4764621,76.143261,30.5050168,270.6394002,5.0531996,-90.0,3,14,1.2,87.6
171.8,11.4764647,76.1432516,30.1898897,270.9639533,4.8764172,-90.0,3,13,1.29,87.6
172.0,11.4764624,76.1432443,30.1059728,269.9706209,4.9148769,-90.0,3,14,1.22,87.5
172.2,11.4764654,76.1432373,30.3083616,270.2208836,5.0131718,-90.0,3,14,1.18,87.5
172.4,11.4764644,76.1432225,30.2710124,270.2946636,5.0102874,-90.0,3,15,1.12,87.5
172.6,11.4764601,76.1432143,30.3110005,270.3159331,4.9687804,-90.0,3,15,1.09,87.5
172.8,11.4764626,76.1432023,30.2642868,271.2618343,4.9103296,-90.0,3,15,1.13,87.5
173.0,11.4764664,76.1431981,30.3195394,270.5897585,4.987525,-90.0,3,15,1.1,87.5
173.2,11.476464,76.143186,30.4097923,270.5915486,4.9328481,-90.0,3,16,1.04,87.5
173.4,11.4764639,76.1431731,30.3721234,271.586053,4.9255766,-90.0,3,16,1.01,87.5
173.6,11.4764648,76.143172,30.2236896,270.5158061,5.0037023,-90.0,3,16,1.05,87.5
173.8,11.4764655,76.1431611,30.4341056,271.0906719,5.1399197,-90.0,3,15,1.09,87.4
174.0,11.4764653,76.1431545,30.4771563,270.5780745,5.2270146,-90.0,3,15,1.09,87.4
174.2,11.4764663,76.1431422,30.4688505,271.320294,5.1615138,-90.0,3,15,1.1,87.4
174.4,11.4764647,76.1431356,30.5493055,271.3410347,4.9071292,-90.0,3,15,1.1,87.4
174.6,11.4764655,76.1431198,30.5325586,271.4957851,4.9854338,-90.0,3,14,1.17,87.4
174.8,11.4764655,76.1431157,30.6865881,270.2451789,4.8900189,-90.0,3,14,1.21,87.4
175.0,11.4764638,76.1431068,30.5172831,270.7482926,5.0854756,-90.0,3,14,1.19,87.4
175.2,11.4764697,76.1430945,30.4831849,271.2179765,4.8382528,-90.0,3,14,1.17,87.4
175.4,11.4764652,76.1430856,30.4744086,270.3242238,4.9569505,-90.0,3,14,1.16,87.4
175.6,11.4764686,76.1430761,30.4509284,270.6963748,5.0463575,-90.0,3,14,1.21,87.3
175.8,11.4764646,76.1430668,30.4466905,271.0422576,4.9653222,-90.0,3,13,1.31,87.3
176.0,11.4764688,76.1430595,30.5990452,270.7314697,5.1131137,-90.0,3,13,1.27,87.3
176.2,11.4764626,76.1430428,30.2591709,270.9611532,4.9235077,-90.0,3,13,1.25,87.3
176.4,11.4764663,76.1430432,30.3741454,271.1424747,4.9923608,-90.0,3,14,1.17,87.3
176.6,11.4764638,76.1430289,30.6271349,270.4631069,4.7981183,-90.0,3,15,1.14,87.3
176.8,11.4764649,76.1430234,30.3067711,270.6579505,4.7532487,-90.0,3,15,1.14,87.3
177.0,11.4764676,76.1430123,30.9308925,271.1627285,4.9741598,-90.0,3,16,1.01,87.3
177.2,11.4764636,76.1430006,30.7255126,270.5712304,5.073201,-90.0,3,16,1.04,87.3
177.4,11.4764647,76.1429928,30.6260255,270.8989378,5.1169652,-90.0,3,16,0.97,87.2
177.6,11.4764661,76.142985,30.7597507,270.9677006,4.9334125,-90.0,3,16,1.05,87.2
177.8,11.4764622,76.1429766,30.7639454,271.2298998,4.9546135,-90.0,3,16,1.02,87.2
178.0,11.4764651,76.1429661,31.0142827,271.4820399,5.0023489,-90.0,3,17,0.93,87.2
178.2,11.4764703,76.1429545,30.6544233,270.9078405,4.9629786,-90.0,3,18,0.86,87.2
178.4,11.4764661,76.1429451,30.6241357,270.6171903,5.0611639,-90.0,3,18,0.83,87.2
178.6,11.4764621,76.142941,30.8104947,271.4014724,4.9240581,-90.0,3,18,0.87,87.2
178.8,11.4764658,76.1429304,30.6560156,271.4950899,5.1543606,-90.0,3,18,0.91,87.2
179.0,11.4764636,76.1429222,30.7229165,271.4862114,4.9143405,-90.0,3,19,0.76,87.2
179.2,11.476466,76.1429127,30.6593832,270.6741835,4.9407828,-90.0,3,19,0.8,87.1
179.4,11.4764647,76.1429001,30.822953,270.4655607,5.142614,-90.0,3,19,0.86,87.1
179.6,11.4764654,76.1428964,30.7024799,271.2782196,4.8264364,-90.0,3,18,0.92,87.1
179.8,11.4764645,76.1428812,30.6106284,270.7549425,5.1601612,-90.0,3,18,0.87,87.1
180.0,11.4764643,76.1428744,30.6508836,270.119633,5.0683573,-90.0,3,18,0.83,87.1
180.2,11.4764667,76.1428648,30.7884073,271.2222473,5.1510384,-90.0,3,19,0.78,87.1
180.4,11.4764679,76.1428599,30.5947011,270.0299634,5.0437411,-90.0,3,19,0.8,87.1
180.6,11.4764639,76.1428475,30.882142,270.3023152,5.1147314,-90.0,3,19,0.78,87.1
180.8,11.4764661,76.1428418,30.5940191,270.9878621,5.0550388,-90.0,3,19,0.77,87.1
181.0,11.4764657,76.142828,30.647241,270.7064105,5.0896797,-90.0,3,19,0.81,87.0
181.2,11.4764661,76.1428189,30.790008,270.8981915,4.9922567,-90.0,3,19,0.8,87.0
181.4,11.476466,76.1428116,30.4907985,271.1349166,4.8519884,-90.0,3,19,0.82,87.0
181.6,11.4764677,76.1427997,30.8274023,271.1758462,4.984256,-90.0,3,19,0.82,87.0
181.8,11.4764638,76.1427901,30.8699551,270.7529808,4.8218697,-90.0,3,19,0.76,87.0
182.0,11.4764649,76.1427832,30.7078128,270.8360729,5.0149536,-90.0,3,19,0.79,87.0
182.2,11.4764601,76.1427719,30.6158528,270.7907109,5.0142273,-90.0,3,19,0.82,87.0
182.4,11.4764639,76.1427665,31.0127642,270.328262,5.063299,-90.0,3,19,0.91,87.0
182.6,11.4764623,76.1427569,30.3859309,270.881712,4.9531155,-90.0,3,19,0.79,87.0
182.8,11.4764629,76.142745,30.9206439,271.3277139,4.8242277,-90.0,3,19,0.77,86.9
183.0,11.4764665,76.1427368,30.5963716,270.7463082,4.8575156,-90.0,3,18,0.91,86.9
183.2,11.4764656,76.1427307,30.562477,270.4391878,4.8274971,-90.0,3,18,0.89,86.9
183.4,11.4764647,76.1427157,30.9602072,271.1006311,5.1005173,-90.0,3,17,0.94,86.9
183.6,11.4764614,76.1427106,30.8867627,271.0457698,5.0690094,-90.0,3,18,0.89,86.9
183.8,11.4764638,76.1426966,30.8529598,269.8215444,4.9635342,-90.0,3,17,0.99,86.9
184.0,11.4764645,76.1426927,30.6829349,270.6315824,4.8658807,-90.0,3,18,0.91,86.9
184.2,11.4764643,76.1426821,30.538028,271.5655251,4.8944618,-90.0,3,18,0.9,86.9
184.4,11.4764649,76.1426713,30.7252942,270.8091097,5.074717,-90.0,3,18,0.85,86.9
184.6,11.476468,76.1426671,30.7053025,271.016108,5.0324583,-90.0,3,18,0.85,86.8
184.8,11.4764629,76.1426526,30.8642236,270.5512169,4.9740095,-90.0,3,18,0.87,86.8
185.0,11.4764647,76.1426444,30.7033726,270.1610481,5.0109171,-90.0,3,17,0.96,86.8
185.2,11.4764614,76.1426352,30.7077455,271.0911676,5.1325726,-90.0,3,18,0.87,86.8
185.4,11.4764644,76.1426298,30.857264,270.8099088,5.0117783,-90.0,3,18,0.91,86.8
185.6,11.4764613,76.1426174,30.812471,270.8903067,4.9968738,-90.0,3,17,0.98,86.8
185.8,11.4764641,76.1426129,30.8775826,270.9257906,5.0236957,-90.0,3,17,0.94,86.8
186.0,11.4764662,76.1425988,30.6476728,271.1549476,5.1199753,-90.0,3,17,0.95,86.8
186.2,11.4764623,76.1425877,30.9892127,271.0696284,5.0357451,-90.0,3,16,1.04,86.8
186.4,11.4764645,76.1425805,30.5524298,270.0566102,4.9780629,-90.0,3,16,1.03,86.7
186.6,11.4764636,76.1425688,30.8899217,271.3938206,4.8762546,-90.0,3,16,1.0,86.7
186.8,11.4764611,76.142566,30.9404106,270.20495,4.842123,-90.0,3,15,1.1,86.7
187.0,11.4764655,76.14255,30.910531,271.2635522,5.0660216,-90.0,3,14,1.16,86.7
187.2,11.4764609,76.1425433,30.9542549,270.4361506,5.0577247,-90.0,3,14,1.24,86.7
187.4,11.4764624,76.1425407,30.6310893,270.734632,5.0585001,-90.0,3,14,1.21,86.7
187.6,11.476465,76.1425257,30.7510695,271.3170038,5.1274335,-90.0,3,14,1.24,86.7
187.8,11.4764621,76.1425213,31.0369969,270.7736321,4.9782442,-90.0,3,14,1.2,86.7
188.0,11.4764677,76.1425084,30.7989561,271.4029003,4.9159112,-90.0,3,14,1.2,86.7
188.2,11.4764646,76.142499,30.8663762,271.1976888,5.0837286,-90.0,3,14,1.19,86.6
188.4,11.4764618,76.1424924,30.7341861,271.0436094,5.131319,-90.0,3,14,1.26,86.6
188.6,11.4764655,76.1424806,30.7111833,271.4747011,4.9316888,-90.0,3,14,1.19,86.6
188.8,11.4764614,76.1424701,30.9045114,271.0460545,5.0392434,-90.0,3,14,1.17,86.6
189.0,11.4764654,76.1424666,30.9536217,270.7495898,4.9090359,-90.0,3,15,1.15,86.6
189.2,11.4764661,76.1424561,30.772938,270.7360188,4.8713237,-90.0,3,15,1.1,86.6
189.4,11.4764626,76.1424467,30.8493849,270.8035771,5.0144191,-90.0,3,15,1.12,86.6
189.6,11.4764617,76.1424334,30.6021628,271.3263812,5.053781,-90.0,3,16,1.03,86.6
189.8,11.4764632,76.1424263,30.6817587,270.9782916,4.983092,-90.0,3,17,1.03,86.6
190.0,11.4764621,76.1424176,30.6318771,270.7487425,5.0018128,-90.0,3,17,0.95,86.6
190.2,11.476464,76.142406,30.854957,270.9157833,5.072692,-90.0,3,17,0.96,86.5
190.4,11.4764654,76.1423945,30.6226044,271.1430495,5.0306663,-90.0,3,16,1.04,86.5
190.6,11.476467,76.1423903,30.7409799,270.1664723,4.9594544,-90.0,3,16,1.04,86.5
190.8,11.4764678,76.1423805,30.8284105,270.3724106,4.945519,-90.0,3,16,1.01,86.5
191.0,11.4764658,76.1423673,30.898561,270.9918161,5.0698661,-90.0,3,16,1.0,86.5
191.2,11.4764642,76.1423609,30.8854541,271.1868298,4.857027,-90.0,3,15,1.12,86.5
191.4,11.4764618,76.1423526,31.0048528,270.9790817,4.9691561,-90.0,3,14,1.23,86.5
191.6,11.4764659,76.1423414,30.9239927,271.3669322,4.9693051,-90.0,3,14,1.23,86.5
191.8,11.4764639,76.1423324,30.7054387,271.2132776,5.166895,-90.0,3,14,1.2,86.5
192.0,11.4764624,76.1423216,30.8620194,270.9326796,4.9780932,-90.0,3,13,1.34,86.4
192.2,11.4764662,76.1423189,30.8338908,270.3009668,4.8850166,-90.0,3,14,1.19,86.4
192.4,11.4764655,76.1423091,30.8719982,271.005578,4.9847367,-90.0,3,14,1.22,86.4
192.6,11.4764659,76.1422985,30.6624118,270.6805972,5.1476761,-90.0,3,14,1.14,86.4
192.8,11.4764685,76.142294,30.6448071,271.4654433,4.9209027,-90.0,3,14,1.19,86.4
193.0,11.476458,76.1422798,30.7118066,270.9030905,5.07897,-90.0,3,14,1.13,86.4
193.2,11.4764697,76.1422685,30.6738496,271.2539525,5.0569456,-90.0,3,15,1.17,86.4
193.4,11.4764674,76.1422637,30.5825138,270.6064819,5.1960938,-90.0,3,15,1.08,86.4
193.6,11.4764639,76.1422579,30.7919022,270.5724543,4.962532,-90.0,3,15,1.13,86.4
193.8,11.4764619,76.1422447,30.5053066,270.8293606,5.0304657,-90.0,3,15,1.12,86.3
194.0,11.4764655,76.1422385,30.7786395,270.4355633,5.0503588,-90.0,3,14,1.2,86.3
194.2,11.4764675,76.1422256,30.6280295,270.3997563,5.1548221,-90.0,3,14,1.15,86.3
194.4,11.4764707,76.1422186,30.8813836,270.6847483,4.953636,-90.0,3,14,1.2,86.3
194.6,11.4764652,76.1422082,30.7540201,270.1625171,4.8750323,-90.0,3,14,1.22,86.3
194.8,11.4764709,76.1421992,30.6747917,270.2955372,4.9105837,-90.0,3,14,1.15,86.3
195.0,11.4764665,76.1421906,30.7222533,271.1843307,4.8935914,-90.0,3,14,1.16,86.3
195.2,11.4764639,76.1421837,30.5900421,270.9608247,5.1568252,-90.0,3,13,1.32,86.3
195.4,11.4764652,76.142174,30.5904011,270.8882144,4.8473694,-90.0,3,14,1.2,86.3
195.6,11.476463,76.142164,30.6008955,271.3022576,4.9771954,-90.0,3,14,1.22,86.2
195.8,11.4764631,76.1421558,30.5839835,271.1520058,5.0928881,-90.0,3,14,1.25,86.2
196.0,11.4764668,76.1421471,30.5479033,270.6674756,4.8981186,-90.0,3,14,1.19,86.2
196.2,11.4764681,76.1421406,30.3663229,270.2644608,5.0724805,-90.0,3,15,1.19,86.2
196.4,11.4764646,76.1421282,30.3879138,270.6594805,4.9952284,-90.0,3,14,1.17,86.2
196.6,11.4764676,76.1421187,30.4991906,270.6173224,5.0051982,-90.0,3,14,1.16,86.2
196.8,11.4764707,76.1421067,30.6109694,271.1205581,5.1135737,-90.0,3,13,1.29,86.2
197.0,11.4764696,76.1421063,30.6701263,270.4309743,4.8754414,-90.0,3,13,1.28,86.2
197.2,11.4764678,76.1420892,30.7323095,271.1523175,5.0421075,-90.0,3,13,1.22,86.2
197.4,11.476465,76.142082,30.5195926,270.8932138,5.0513504,-90.0,3,13,1.29,86.1
197.6,11.4764633,76.1420723,30.5822937,270.1859118,5.0924132,-90.0,3,13,1.27,86.1
197.8,11.4764673,76.1420612,30.3625653,270.6878607,5.0371799,-90.0,3,13,1.24,86.1
198.0,11.476464,76.1420506,30.4093284,270.7189618,5.1476647,-90.0,3,13,1.33,86.1
198.2,11.4764661,76.1420437,30.6903393,270.2145022,4.8580717,-90.0,3,13,1.29,86.1
198.4,11.4764671,76.1420377,30.5538434,270.7565113,4.9452767,-90.0,3,13,1.17,86.1
198.6,11.4764708,76.1420245,30.685279,270.3097314,4.9645995,-90.0,3,13,1.26,86.1
198.8,11.4764658,76.1420222,30.6821394,270.5963452,5.1743943,-90.0,3,14,1.22,86.1
199.0,11.4764683,76.1420049,30.2250279,271.05207,4.8595446,-90.0,3,14,1.17,86.1
199.2,11.4764674,76.1420004,30.3795726,270.9271893,5.1483551,-90.0,3,14,1.24,86.0
199.4,11.476462,76.1419871,30.5510771,270.4069744,5.1445093,-90.0,3,14,1.19,86.0
199.6,11.4764653,76.1419787,30.3185618,270.8061905,5.0807685,-90.0,3,14,1.23,86.0
199.8,11.4764656,76.1419688,30.4876208,271.1348502,4.8627845,-90.0,3,13,1.27,86.0
200.0,11.4764687,76.1419652,30.5255729,271.0192902,4.9034629,-90.0,3,13,1.31,86.0
200.2,11.47646,76.1419513,30.3875546,270.3467691,5.12105,-90.0,3,13,1.31,86.0
200.4,11.476467,76.141943,30.3818613,270.8672341,5.0142578,-90.0,3,14,1.19,86.0
200.6,11.4764608,76.1419314,30.2868941,270.5111263,5.1512364,-90.0,3,14,1.17,86.0
200.8,11.4764686,76.1419245,30.3089259,270.7570555,5.0555634,-90.0,3,15,1.16,86.0
201.0,11.47646,76.1419097,30.4494989,271.1871202,4.772005,-90.0,3,16,1.06,85.9
201.2,11.4764677,76.1419053,30.5989205,270.9306518,4.8365121,-90.0,3,17,0.98,85.9
201.4,11.4764648,76.1418976,30.0753902,270.6140496,5.0191059,-90.0,3,17,0.97,85.9
201.6,11.4764664,76.1418878,30.2118609,270.248488,5.0494331,-90.0,3,17,1.0,85.9
201.8,11.4764694,76.1418788,30.458755,271.2213662,4.954191,-90.0,3,17,0.99,85.9
202.0,11.4764659,76.141866,30.4189128,270.3822784,5.0495179,-90.0,3,17,0.94,85.9
202.2,11.476466,76.1418617,30.3803491,270.5967161,4.9664055,-90.0,3,18,0.87,85.9
202.4,11.4764661,76.1418471,30.4963169,270.2400067,4.8819052,-90.0,3,18,0.88,85.9
202.6,11.4764634,76.1418464,30.1873379,271.8509148,4.9985165,-90.0,3,17,1.02,85.9
202.8,11.4764656,76.1418319,30.2941192,274.2257258,5.1384964,-90.0,3,18,0.87,85.8
203.0,11.4764681,76.1418223,30.0594306,277.7356027,5.0423585,-90.0,3,18,0.89,85.8
203.2,11.4764684,76.1418116,30.4681689,281.0680899,5.0348893,-90.0,3,18,0.87,85.8
203.4,11.4764744,76.1418033,30.2400905,285.1034953,5.0805773,-90.0,3,17,0.96,85.8
203.6,11.4764737,76.1417944,30.171095,289.5079721,5.0855027,-90.0,3,16,1.07,85.8
203.8,11.4764801,76.1417826,30.1567994,292.2552739,5.0383611,-90.0,3,16,1.05,85.8
204.0,11.4764836,76.1417776,30.2010317,296.105287,4.8145569,-90.0,3,16,1.07,85.8
204.2,11.476485,76.1417702,30.4627309,300.3179939,5.0083004,-90.0,3,16,1.04,85.8
204.4,11.4764934,76.1417647,30.3554161,303.9319265,5.1804504,-90.0,3,16,1.02,85.8
204.6,11.4764927,76.1417504,30.4361886,307.821579,4.9132025,-90.0,3,16,1.01,85.7
204.8,11.4765027,76.141747,30.355155,311.9113657,5.0934348,-90.0,3,16,1.04,85.7
205.0,11.4765066,76.1417423,30.0265809,315.3415579,4.9374071,-90.0,3,16,1.08,85.7
205.2,11.4765139,76.1417334,30.1930618,319.5060887,4.921139,-90.0,3,16,1.09,85.7
205.4,11.4765242,76.1417267,30.1485573,322.9996107,4.8795811,-90.0,3,15,1.09,85.7
205.6,11.4765315,76.1417237,30.1917324,327.149348,4.9989115,-90.0,3,15,1.11,85.7
205.8,11.4765331,76.1417211,30.151263,330.1561129,5.072928,-90.0,3,16,1.06,85.7
206.0,11.4765413,76.1417144,30.019881,334.2596792,4.7760658,-90.0,3,15,1.09,85.7
206.2,11.4765523,76.141712,30.4004477,337.7952643,4.9015764,-90.0,3,15,1.15,85.7
206.4,11.476559,76.1417086,29.9620974,342.0937148,4.9899826,-90.0,3,15,1.07,85.6
206.6,11.4765675,76.1417041,30.1600389,346.6875348,4.8756296,-90.0,3,15,1.18,85.6
206.8,11.4765788,76.1417045,30.2343244,350.3528477,4.9078494,-90.0,3,15,1.12,85.6
207.0,11.4765858,76.1417011,30.2623646,353.7721246,5.0797659,-90.0,3,15,1.08,85.6
207.2,11.4765991,76.1417018,30.2189188,357.5513686,4.901609,-90.0,3,15,1.13,85.6
207.4,11.4766077,76.1417005,29.9246109,0.6447404,5.1391098,-90.0,3,15,1.11,85.6
207.6,11.4766116,76.1416987,30.3741813,5.5004096,5.1697645,-90.0,3,15,1.15,85.6
207.8,11.4766218,76.1416994,30.0428993,9.7458993,5.01267,-90.0,3,14,1.19,85.6
208.0,11.4766299,76.1417052,30.4875592,13.3375902,5.1861925,-90.0,3,14,1.15,85.6
208.2,11.4766393,76.1417091,29.9991301,17.2555881,5.0177164,-90.0,3,14,1.19,85.5
208.4,11.4766489,76.1417057,30.0953278,20.8078092,5.1467903,-90.0,3,14,1.27,85.5
208.6,11.4766595,76.1417123,30.2908572,24.2580377,4.9504947,-90.0,3,14,1.22,85.5
208.8,11.476665,76.1417137,30.1464341,28.8404186,5.0089102,-90.0,3,14,1.19,85.5
209.0,11.4766708,76.1417207,30.1298573,31.8555604,5.0591667,-90.0,3,14,1.18,85.5
209.2,11.4766787,76.1417218,30.253148,36.1130886,5.0804366,-90.0,3,14,1.19,85.5
209.4,11.4766897,76.1417276,30.3953145,40.3409735,4.9880958,-90.0,3,15,1.09,85.5
209.6,11.4766939,76.1417346,30.2913118,43.1490604,4.9327189,-90.0,3,15,1.12,85.5
209.8,11.4767015,76.1417419,30.0758274,47.5735547,5.1635178,-90.0,3,15,1.08,85.5
210.0,11.476707,76.1417497,30.212393,50.8988486,4.9033854,-90.0,3,15,1.13,85.4
210.2,11.4767099,76.1417582,30.0624761,54.5766231,4.8475476,-90.0,3,14,1.15,85.4
210.4,11.4767113,76.1417658,29.9371716,58.886694,5.0941054,-90.0,3,13,1.27,85.4
210.6,11.4767213,76.1417729,30.2612891,62.2099171,5.1112784,-90.0,3,13,1.29,85.4
210.8,11.4767255,76.1417824,29.9238112,66.6111881,4.9758524,-90.0,3,13,1.28,85.4
211.0,11.4767293,76.1417928,30.3258206,70.303677,4.9827682,-90.0,3,13,1.23,85.4
211.2,11.4767323,76.1417921,30.3070101,74.5400628,4.9821073,-90.0,3,13,1.28,85.4
211.4,11.4767345,76.141807,30.3043842,78.1106339,5.1222453,-90.0,3,14,1.19,85.4
211.6,11.4767354,76.1418148,30.1603449,82.4953331,5.0898778,-90.0,3,14,1.2,85.4
211.8,11.4767373,76.1418233,30.1840066,86.1718824,5.121315,-90.0,3,15,1.14,85.4
212.0,11.476736,76.1418326,29.7095399,87.5422049,4.8342928,-90.0,3,16,1.07,85.3
212.2,11.476738,76.1418413,29.9252874,90.2833227,4.9989158,-90.0,3,16,1.0,85.3
212.4,11.4767371,76.1418539,30.4936456,90.6455608,5.1211168,-90.0,3,16,1.03,85.3
212.6,11.4767394,76.1418631,30.2981851,91.6261377,4.9881744,-90.0,3,16,1.02,85.3
212.8,11.4767364,76.1418697,29.9233513,91.158143,4.960236,-90.0,3,16,1.02,85.3
213.0,11.4767379,76.1418787,30.4708761,91.3142216,4.8033125,-90.0,3,16,1.03,85.3
213.2,11.4767349,76.1418881,30.0774262,90.1376488,4.984322,-90.0,3,15,1.08,85.3
213.4,11.4767382,76.1418961,30.4154945,90.2078384,4.9221167,-90.0,3,15,1.08,85.3
213.6,11.4767358,76.1419077,30.2445959,90.5494996,5.0446583,-90.0,3,15,1.16,85.3
213.8,11.4767315,76.1419186,30.1396444,90.7781323,5.0814006,-90.0,3,15,1.1,85.2
214.0,11.4767349,76.1419283,30.2150951,90.6076522,5.0161011,-90.0,3,15,1.1,85.2
214.2,11.4767368,76.1419332,30.2523657,90.9057685,4.8947614,-90.0,3,15,1.15,85.2
214.4,11.4767334,76.1419452,30.404463,90.9634807,5.0519736,-90.0,3,15,1.08,85.2
214.6,11.4767343,76.141956,30.3458774,90.8081429,4.7533523,-90.0,3,15,1.09,85.2
214.8,11.4767364,76.1419602,30.345221,90.4115535,4.770139,-90.0,3,15,1.16,85.2
215.0,11.4767391,76.1419722,30.0993618,90.9098332,4.7365578,-90.0,3,15,1.13,85.2
215.2,11.4767313,76.1419812,30.523225,91.0885505,5.0059186,-90.0,3,16,1.0,85.2
215.4,11.4767289,76.1419899,30.6574288,90.527148,4.9958353,-90.0,3,16,0.96,85.2
215.6,11.4767341,76.1420028,30.5231807,90.7081161,4.9110593,-90.0,3,17,0.93,85.1
215.8,11.4767351,76.142012,30.5126214,91.3719732,5.0048363,-90.0,3,16,1.02,85.1
216.0,11.4767365,76.1420201,30.483916,90.5809026,5.1215054,-90.0,3,16,1.05,85.1
216.2,11.4767359,76.1420268,30.287453,90.4957186,5.0169776,-90.0,3,16,0.99,85.1
216.4,11.476734,76.1420389,30.4357116,91.0777405,4.9950978,-90.0,3,16,0.95,85.1
216.6,11.4767385,76.142049,30.2773235,91.1467366,4.9235071,-90.0,3,16,1.03,85.1
216.8,11.4767365,76.1420576,30.4251911,90.7605432,5.0381382,-90.0,3,16,1.05,85.1
217.0,11.4767364,76.1420647,30.4796994,90.8444569,5.0272856,-90.0,3,16,0.95,85.1
217.2,11.4767391,76.1420756,30.52296,90.5289783,5.0665002,-90.0,3,16,1.01,85.1
217.4,11.4767374,76.1420846,30.3795138,91.0884636,5.0000927,-90.0,3,15,1.12,85.0
217.6,11.4767342,76.1420926,30.3000956,90.5944538,5.1119524,-90.0,3,15,1.13,85.0
217.8,11.476739,76.1421027,30.1676361,90.8111401,5.3288781,-90.0,3,15,1.07,85.0
218.0,11.4767358,76.1421146,30.2818044,90.955327,5.1547379,-90.0,3,15,1.1,85.0
218.2,11.4767387,76.142124,30.2930495,91.1455599,5.0080063,-90.0,3,15,1.13,85.0
218.4,11.4767384,76.1421276,30.4155222,91.0927095,4.9799297,-90.0,3,15,1.13,85.0
218.6,11.4767396,76.142139,30.4928347,90.5753501,5.0602764,-90.0,3,15,1.11,85.0
218.8,11.4767372,76.1421485,30.3436608,91.5280969,5.0294818,-90.0,3,15,1.14,85.0
219.0,11.4767369,76.142159,30.6235652,90.1159391,4.8602,-90.0,3,16,1.1,85.0
219.2,11.4767342,76.1421648,30.392547,90.8135887,5.0807863,-90.0,3,16,1.04,84.9
219.4,11.4767352,76.1421726,30.638877,90.6430422,5.1499507,-90.0,3,15,1.12,84.9
219.6,11.4767374,76.1421874,30.4437737,90.2705457,5.0730722,-90.0,3,15,1.14,84.9
219.8,11.4767383,76.1421927,30.5445945,91.0755619,4.8822298,-90.0,3,15,1.08,84.9
220.0,11.4767338,76.1422055,30.5973325,90.7830517,4.9916051,-90.0,3,16,1.04,84.9
220.2,11.4767403,76.1422124,30.4822111,90.6410166,5.0784889,-90.0,3,16,1.07,84.9
220.4,11.47674,76.1422201,30.6152341,90.5621816,4.9393552,-90.0,3,15,1.11,84.9
220.6,11.4767382,76.1422286,30.6021289,90.5230031,4.9276847,-90.0,3,15,1.1,84.9
220.8,11.4767343,76.1422399,30.4830045,90.8703566,4.9753111,-90.0,3,15,1.16,84.9
221.0,11.4767402,76.1422496,30.3403489,91.1214698,4.9453663,-90.0,3,15,1.08,84.8
221.2,11.4767431,76.1422569,30.4547282,89.8407393,4.9902529,-90.0,3,15,1.17,84.8
221.4,11.4767383,76.1422681,30.6332244,91.1123021,4.9801438,-90.0,3,15,1.12,84.8
221.6,11.4767372,76.14228,30.561615,90.1834497,5.1379312,-90.0,3,15,1.1,84.8
221.8,11.4767361,76.1422846,30.2580143,90.866576,4.92442,-90.0,3,15,1.12,84.8
222.0,11.4767431,76.1422979,30.7549671,89.9445994,5.0636387,-90.0,3,15,1.13,84.8
222.2,11.4767382,76.1423013,30.4066318,90.7095962,5.0546127,-90.0,3,15,1.1,84.8
222.4,11.4767401,76.1423142,30.6619433,90.1556725,5.0532147,-90.0,3,16,1.08,84.8
222.6,11.4767324,76.1423168,30.3097237,91.1026078,5.0621677,-90.0,3,15,1.13,84.8
222.8,11.4767422,76.1423333,30.5930453,90.2916469,4.915307,-90.0,3,15,1.12,84.7
223.0,11.4767399,76.1423411,30.4187927,90.4716257,5.1404924,-90.0,3,15,1.17,84.7
223.2,11.4767381,76.1423478,30.9362679,91.2878006,5.0446639,-90.0,3,15,1.12,84.7
223.4,11.4767333,76.1423592,30.8491765,91.2332692,5.0006904,-90.0,3,15,1.11,84.7
223.6,11.4767358,76.1423654,30.6032736,90.7012628,5.0496789,-90.0,3,15,1.12,84.7
223.8,11.4767356,76.1423759,30.43921,90.8363275,5.0153334,-90.0,3,15,1.13,84.7
224.0,11.4767358,76.1423871,30.6342483,90.7078853,4.6617061,-90.0,3,15,1.08,84.7
224.2,11.476735,76.1423936,30.5189118,91.3047646,5.0171353,-90.0,3,15,1.18,84.7
224.4,11.4767343,76.1424043,30.5163452,90.6783953,5.0527817,-90.0,3,14,1.17,84.7
224.6,11.476738,76.1424114,30.5109692,90.6707927,4.8636468,-90.0,3,13,1.27,84.6
224.8,11.4767388,76.1424228,30.6349635,91.0048975,4.9698963,-90.0,3,13,1.25,84.6
225.0,11.476733,76.1424353,30.8933114,90.4017322,5.0702511,-90.0,3,13,1.29,84.6
225.2,11.476737,76.1424435,30.6788783,90.5252196,4.9353551,-90.0,3,13,1.33,84.6
225.4,11.476736,76.1424542,30.4989225,90.2042105,5.0901751,-90.0,3,13,1.23,84.6
225.6,11.4767339,76.1424622,30.5236984,91.4627661,5.1483119,-90.0,3,13,1.26,84.6
225.8,11.4767359,76.1424701,30.8252571,90.2915696,5.0363159,-90.0,3,14,1.25,84.6
226.0,11.476731,76.14248,30.8182767,90.5130995,4.9798506,-90.0,3,14,1.21,84.6
226.2,11.4767363,76.1424928,30.6095454,90.8904258,5.0949976,-90.0,3,13,1.3,84.6
226.4,11.4767396,76.1424989,30.8206773,90.6787051,5.027478,-90.0,3,13,1.27,84.5
226.6,11.4767359,76.1425064,30.5786204,90.7172249,5.1020222,-90.0,3,13,1.34,84.5
226.8,11.4767362,76.1425145,30.695517,90.3086453,5.1799368,-90.0,3,13,1.29,84.5
227.0,11.4767295,76.142524,30.7902681,90.6117726,5.04636,-90.0,3,13,1.24,84.5
227.2,11.4767353,76.1425294,30.7602691,91.3878633,5.0993374,-90.0,3,13,1.27,84.5
227.4,11.4767365,76.1425427,30.8907759,90.6663063,5.0531053,-90.0,3,13,1.23,84.5
227.6,11.4767328,76.1425506,30.8496896,90.938619,5.0413451,-90.0,3,13,1.27,84.5
227.8,11.4767326,76.1425558,30.8032394,90.6537341,4.8141899,-90.0,3,13,1.25,84.5
228.0,11.4767371,76.1425679,30.6522943,91.1095514,5.1267065,-90.0,3,13,1.29,84.5
228.2,11.476737,76.14258,30.6440891,90.9109026,4.9913094,-90.0,3,13,1.23,84.4
228.4,11.4767396,76.1425843,30.7285714,90.9761213,5.1852096,-90.0,3,13,1.33,84.4
228.6,11.4767328,76.1425961,30.8298119,91.187073,5.0777831,-90.0,3,13,1.3,84.4
228.8,11.4767391,76.1426022,30.9356717,91.3061232,5.1067198,-90.0,3,13,1.29,84.4
229.0,11.4767382,76.1426091,30.7473465,90.1608917,5.005823,-90.0,3,13,1.26,84.4
229.2,11.4767395,76.1426248,30.8177765,91.5502266,5.003032,-90.0,3,13,1.27,84.4
229.4,11.4767347,76.1426344,30.9545343,91.6907503,4.9675425,-90.0,3,13,1.23,84.4
229.6,11.4767413,76.1426416,30.7301865,89.792642,4.9807273,-90.0,3,13,1.28,84.4
229.8,11.4767386,76.1426523,30.7810717,91.1060855,4.9510991,-90.0,3,13,1.3,84.4
230.0,11.4767328,76.1426611,30.4394836,91.0481613,5.0146831,-90.0,3,13,1.32,84.4
230.2,11.4767367,76.1426729,30.9679823,90.3300005,4.854424,-90.0,3,13,1.23,84.3
230.4,11.4767359,76.1426801,31.037288,90.9562255,4.9516412,-90.0,3,14,1.21,84.3
230.6,11.4767345,76.1426868,30.6831444,91.261334,5.042413,-90.0,3,15,1.14,84.3
230.8,11.4767383,76.1426952,30.9907185,90.6150293,4.7932924,-90.0,3,15,1.11,84.3
231.0,11.4767364,76.142708,30.7426282,90.839591,4.9431486,-90.0,3,16,1.05,84.3
231.2,11.4767359,76.1427121,30.8240977,90.5383321,5.101,-90.0,3,16,1.05,84.3
231.4,11.476734,76.1427243,30.6390803,90.959535,5.0259707,-90.0,3,16,1.04,84.3
231.6,11.476738,76.1427316,30.8720556,90.6179976,5.0176836,-90.0,3,15,1.1,84.3
231.8,11.4767351,76.1427391,30.8953331,91.277006,5.0366879,-90.0,3,16,1.05,84.3
232.0,11.4767382,76.1427463,30.8722158,90.685378,4.8748522,-90.0,3,16,1.05,84.2
232.2,11.4767342,76.142761,30.8758644,90.9183559,5.4060211,-90.0,3,15,1.07,84.2
232.4,11.4767337,76.1427687,30.7632557,90.3336093,5.0701669,-90.0,3,14,1.2,84.2
232.6,11.4767309,76.1427753,30.9887495,89.9904448,5.1281041,-90.0,3,14,1.16,84.2
232.8,11.4767369,76.1427866,30.8363414,90.9620642,4.8875077,-90.0,3,14,1.22,84.2
233.0,11.4767354,76.1427958,30.6709457,90.7501897,4.9260537,-90.0,3,13,1.24,84.2
233.2,11.4767366,76.142806,30.9177004,90.5352411,5.0940578,-90.0,3,13,1.35,84.2
233.4,11.4767412,76.1428203,30.8309969,91.5824901,5.1682982,-90.0,3,13,1.28,84.2
233.6,11.4767351,76.1428235,30.9793452,90.8797372,4.8909864,-90.0,3,14,1.2,84.2
233.8,11.4767369,76.142835,30.7522731,91.0209596,5.1364679,-90.0,3,15,1.12,84.1
234.0,11.4767331,76.1428437,30.7386249,90.9615288,4.9618756,-90.0,3,15,1.12,84.1
234.2,11.4767387,76.1428524,30.6838782,91.7077283,5.0629733,-90.0,3,15,1.14,84.1
234.4,11.4767364,76.1428626,30.790263,90.7910764,5.0652745,-90.0,3,15,1.14,84.1
234.6,11.4767398,76.1428709,30.8942353,90.5548967,4.9585699,-90.0,3,14,1.21,84.1
234.8,11.4767401,76.1428816,30.6199678,90.8892438,4.9449057,-90.0,3,14,1.25,84.1
235.0,11.4767425,76.1428912,30.7147083,90.6574592,4.9815497,-90.0,3,13,1.28,84.1
235.2,11.4767376,76.1428982,30.6401413,90.4404277,4.9754418,-90.0,3,13,1.27,84.1
235.4,11.4767368,76.1429052,30.7959795,91.8456291,4.9687803,-90.0,3,13,1.25,84.1
235.6,11.4767353,76.142918,30.9498228,90.8151879,5.0014628,-90.0,3,14,1.19,84.0
235.8,11.4767358,76.1429288,30.6989899,90.60894,4.9397857,-90.0,3,14,1.2,84.0
236.0,11.4767363,76.142935,30.6567237,90.9630614,4.9917526,-90.0,3,14,1.19,84.0
236.2,11.4767375,76.1429435,30.6815934,91.317542,4.9333348,-90.0,3,15,1.1,84.0
236.4,11.4767372,76.1429585,30.7650708,90.8225785,4.9172988,-90.0,3,15,1.16,84.0
236.6,11.4767353,76.1429683,30.5272238,90.4595343,4.8869706,-90.0,3,15,1.11,84.0
236.8,11.4767326,76.1429715,30.4925951,90.6690163,4.918792,-90.0,3,15,1.12,84.0
237.0,11.4767377,76.1429815,30.8631699,90.5587061,4.9977071,-90.0,3,15,1.19,84.0
237.2,11.4767381,76.1429876,30.6351241,91.4386955,4.9318975,-90.0,3,15,1.11,84.0
237.4,11.4767406,76.1430017,30.6960255,91.358844,5.0510197,-90.0,3,16,1.02,83.9
237.6,11.4767377,76.1430075,30.6452884,90.5896848,5.1381934,-90.0,3,16,1.0,83.9
237.8,11.4767423,76.143015,30.7210147,90.7192901,4.9425156,-90.0,3,17,0.92,83.9
238.0,11.4767358,76.1430254,30.5317744,91.275865,5.1509171,-90.0,3,18,0.88,83.9
238.2,11.4767396,76.1430374,30.7216981,89.8437936,4.9894514,-90.0,3,18,0.85,83.9
238.4,11.4767356,76.143042,30.6990755,90.4091038,5.2258706,-90.0,3,18,0.89,83.9
238.6,11.4767379,76.1430534,30.8483004,91.8588232,4.9695865,-90.0,3,18,0.9,83.9
238.8,11.4767445,76.1430572,30.7562744,90.3464198,5.0091353,-90.0,3,18,0.92,83.9
239.0,11.4767366,76.1430745,30.8419085,90.5964211,4.9104471,-90.0,3,18,0.88,83.9
239.2,11.4767407,76.1430826,30.8816397,90.4835664,5.0386951,-90.0,3,17,0.93,83.8
239.4,11.4767416,76.1430951,30.566202,90.6632995,4.9209548,-90.0,3,17,0.97,83.8
239.6,11.4767398,76.143101,30.4939712,90.4492908,5.0222793,-90.0,3,17,1.03,83.8
239.8,11.4767372,76.14311,30.3834479,90.991791,5.0036306,-90.0,3,17,0.94,83.8
240.0,11.4767384,76.1431153,30.7931382,90.8036005,5.0039588,-90.0,3,16,1.0,83.8
240.2,11.4767342,76.1431284,30.8349599,91.3791881,5.0688094,-90.0,3,17,0.92,83.8
240.4,11.4767406,76.1431354,30.5005721,90.3914297,5.0210948,-90.0,3,16,1.04,83.8
240.6,11.4767409,76.1431487,30.5452733,90.9001935,4.9305352,-90.0,3,16,1.02,83.8
240.8,11.4767384,76.1431576,30.4649761,90.7199581,5.0402757,-90.0,3,16,1.08,83.8
241.0,11.4767394,76.1431614,30.4589668,91.0174513,4.8776434,-90.0,3,17,0.98,83.7
241.2,11.4767384,76.1431743,30.8181013,91.3824396,4.9641597,-90.0,3,17,0.99,83.7
241.4,11.4767413,76.1431794,30.4633273,90.1965793,5.0693103,-90.0,3,17,0.96,83.7
241.6,11.4767377,76.1431859,30.4967035,90.9151522,4.9128673,-90.0,3,16,1.01,83.7
241.8,11.4767396,76.1431951,30.5813249,90.3915348,5.096568,-90.0,3,15,1.14,83.7
242.0,11.4767368,76.1432096,30.5019027,90.7509112,4.9909772,-90.0,3,15,1.11,83.7
242.2,11.4767404,76.1432188,30.4742479,90.9810422,5.0582428,-90.0,3,15,1.11,83.7
242.4,11.4767408,76.1432275,30.4834644,90.4270192,5.0630829,-90.0,3,15,1.16,83.7
242.6,11.4767395,76.1432331,30.3521974,91.0023926,5.1714398,-90.0,3,15,1.14,83.7
242.8,11.4767417,76.1432448,30.345034,90.9759019,5.0107431,-90.0,3,15,1.13,83.6
243.0,11.4767399,76.1432553,30.2208465,90.518974,4.9320497,-90.0,3,15,1.11,83.6
243.2,11.4767393,76.143261,30.4474341,90.8449549,4.9694412,-90.0,3,14,1.18,83.6
243.4,11.476743,76.1432718,30.5251376,90.9159381,4.9900276,-90.0,3,14,1.17,83.6
243.6,11.4767415,76.1432805,30.3882926,91.3475229,4.9232062,-90.0,3,14,1.18,83.6
243.8,11.476737,76.1432862,30.4675162,90.6874472,4.8731459,-90.0,3,14,1.18,83.6
244.0,11.4767431,76.1433006,30.4367849,90.598567,4.9360332,-90.0,3,14,1.2,83.6
244.2,11.4767393,76.1433092,30.1780266,90.9449434,4.9301015,-90.0,3,14,1.22,83.6
244.4,11.4767395,76.1433154,30.340518,91.1940439,5.1230412,-90.0,3,15,1.13,83.6
244.6,11.4767422,76.143324,30.3174176,90.513923,5.0916867,-90.0,3,15,1.08,83.5
244.8,11.4767354,76.1433334,30.2570393,90.437044,4.9910513,-90.0,3,16,1.05,83.5
245.0,11.476737,76.1433463,30.1923039,90.7682437,5.0381579,-90.0,3,16,1.05,83.5
245.2,11.4767378,76.1433521,30.2325918,90.6830412,5.211156,-90.0,3,16,1.05,83.5
245.4,11.4767436,76.143361,30.45128,90.9242232,5.1231938,-90.0,3,16,1.0,83.5
245.6,11.4767429,76.1433707,30.4697686,90.9130594,5.227394,-90.0,3,16,1.04,83.5
245.8,11.4767394,76.1433859,30.0632387,90.4528362,5.0724519,-90.0,3,16,1.05,83.5
246.0,11.4767371,76.1433923,30.1977366,91.0806888,5.0416763,-90.0,3,17,0.97,83.5
246.2,11.4767378,76.1433997,30.4871472,91.402374,5.0540118,-90.0,3,17,0.98,83.5
246.4,11.4767392,76.1434072,30.0906928,90.9522026,4.9549146,-90.0,3,18,0.88,83.4
246.6,11.4767391,76.1434222,30.5933806,90.5508443,5.0520227,-90.0,3,18,0.88,83.4
246.8,11.4767345,76.1434315,30.2886409,90.4301201,4.8909169,-90.0,3,18,0.93,83.4
247.0,11.4767385,76.1434363,30.4248691,90.3993033,4.9895082,-90.0,3,18,0.89,83.4
247.2,11.4767361,76.14345,30.1479152,90.8076427,4.9844842,-90.0,3,18,0.9,83.4
247.4,11.4767385,76.1434564,30.1768348,90.5274325,5.0253575,-90.0,3,18,0.88,83.4
247.6,11.476741,76.1434644,30.1826806,91.0374786,5.115883,-90.0,3,17,0.91,83.4
247.8,11.476739,76.1434766,30.3591104,91.2124842,5.073405,-90.0,3,17,0.99,83.4
248.0,11.4767375,76.1434836,30.2891395,91.2552389,4.9571893,-90.0,3,17,0.94,83.4
248.2,11.4767376,76.1434942,30.1566949,90.9809441,5.0656854,-90.0,3,17,0.92,83.3
248.4,11.4767394,76.1435008,29.9821213,90.8782112,5.00361,-90.0,3,17,1.01,83.3
248.6,11.4767362,76.1435088,30.2077679,91.2069344,4.9184691,-90.0,3,17,0.94,83.3
248.8,11.4767411,76.1435253,30.2272345,91.3955475,4.893172,-90.0,3,17,0.99,83.3
249.0,11.476736,76.1435335,30.3966962,90.2723665,5.0807186,-90.0,3,17,0.96,83.3
249.2,11.4767374,76.1435426,30.2566048,90.5978817,4.8466525,-90.0,3,17,0.98,83.3
249.4,11.4767379,76.1435537,30.2421953,90.7910764,5.114798,-90.0,3,17,0.9,83.3
249.6,11.4767327,76.1435598,30.1043961,90.4110827,5.0892139,-90.0,3,18,0.86,83.3
249.8,11.4767411,76.1435665,30.0664752,90.6002581,5.0335124,-90.0,3,19,0.78,83.3
250.0,11.4767407,76.1435742,30.0673488,90.5584752,4.9394315,-90.0,3,19,0.77,83.2
250.2,11.4767424,76.1435869,30.0818348,90.8048108,4.8802053,-90.0,3,19,0.84,83.2
250.4,11.4767428,76.1435932,30.2346747,91.0291265,5.1936187,-90.0,3,19,0.81,83.2
250.6,11.4767453,76.1436011,30.2295924,90.985875,5.0182748,-90.0,3,19,0.81,83.2
250.8,11.4767437,76.1436122,30.2718276,91.1047127,5.0697855,-90.0,3,18,0.91,83.2
251.0,11.4767435,76.1436291,30.2502188,91.3400826,4.9990985,-90.0,3,17,0.93,83.2
251.2,11.4767412,76.1436304,30.1323095,91.7263641,4.9429764,-90.0,3,17,0.98,83.2
251.4,11.4767436,76.1436449,30.2285221,90.5656865,4.9445964,-90.0,3,18,0.9,83.2
251.6,11.476738,76.1436575,30.2469367,90.9218447,5.0358858,-90.0,3,18,0.91,83.2
251.8,11.4767454,76.1436615,30.2671624,91.530679,5.0552142,-90.0,3,18,0.9,83.2
252.0,11.4767382,76.1436696,30.2254905,90.9456416,5.0364997,-90.0,3,17,0.93,83.1
252.2,11.4767383,76.1436806,30.2179037,91.7014782,5.0245574,-90.0,3,17,0.95,83.1
252.4,11.4767396,76.1436874,29.967489,90.1994794,5.0174355,-90.0,3,18,0.88,83.1
252.6,11.4767387,76.1436924,30.2165597,91.7251546,5.0343549,-90.0,3,18,0.87,83.1
252.8,11.4767378,76.1437066,30.3107271,90.4979337,5.1296509,-90.0,3,18,0.9,83.1
253.0,11.4767415,76.1437176,30.0925265,91.0285821,5.1299151,-90.0,3,18,0.86,83.1
253.2,11.4767403,76.143729,30.260868,90.421642,5.1432124,-90.0,3,18,0.84,83.1
253.4,11.4767382,76.1437307,30.4058885,90.6440151,4.9117629,-90.0,3,18,0.86,83.1
253.6,11.4767376,76.1437412,30.275501,90.8791987,4.8454299,-90.0,3,18,0.84,83.1
253.8,11.4767419,76.1437527,30.0719088,90.923949,4.9495311,-90.0,3,19,0.78,83.0
254.0,11.4767395,76.143759,30.226569,90.3753408,4.9229162,-90.0,3,19,0.79,83.0
